"CU_ID","Species","Stock","Year","DataType","RelLBM","AbsLBM","LongTrend","PercChange","ProbDeclBelowLBM","Percentile","RelUBM","AbsUBM","NumStdMetrics","GenAvgUsed","Group","SynStatus","BinLabel","BinPath","IntStatus","IntScore","SynScore","ErrorScore","ErrorType"
"CK-07","Chinook","Maria Slough_SU_0.3",1995,"Rel_Idx",NA,NA,NA,NA,NA,NA,NA,NA,0,NA,"CK-Fraser_Lower","None","Node16.NA","No LongTrend, so no SynStatus",NA,NA,NA,NA,"NA"
"CK-07","Chinook","Maria Slough_SU_0.3",1996,"Rel_Idx",NA,NA,NA,NA,NA,NA,NA,NA,0,NA,"CK-Fraser_Lower","None","Node16.NA","No LongTrend, so no SynStatus",NA,NA,NA,NA,"NA"
"CK-07","Chinook","Maria Slough_SU_0.3",1997,"Rel_Idx",NA,NA,NA,NA,NA,NA,NA,NA,0,NA,"CK-Fraser_Lower","None","Node16.NA","No LongTrend, so no SynStatus",NA,NA,NA,NA,"NA"
"CK-07","Chinook","Maria Slough_SU_0.3",1998,"Rel_Idx",NA,NA,NA,NA,NA,NA,NA,NA,0,NA,"CK-Fraser_Lower","None","Node16.NA","No LongTrend, so no SynStatus",NA,NA,NA,NA,"NA"
"CK-07","Chinook","Maria Slough_SU_0.3",1999,"Rel_Idx",NA,NA,NA,NA,NA,NA,NA,NA,0,140.276149797455,"CK-Fraser_Lower","None","Node16.NA","No LongTrend, so no SynStatus",NA,NA,NA,NA,"NA"
"CK-07","Chinook","Maria Slough_SU_0.3",2000,"Rel_Idx",NA,NA,NA,NA,NA,NA,NA,NA,0,181.780006342042,"CK-Fraser_Lower","None","Node16.NA","No LongTrend, so no SynStatus",NA,NA,NA,NA,"NA"
"CK-07","Chinook","Maria Slough_SU_0.3",2001,"Rel_Idx",NA,NA,NA,NA,NA,NA,NA,NA,0,260.539890917589,"CK-Fraser_Lower","None","Node16.NA","No LongTrend, so no SynStatus",NA,NA,NA,NA,"NA"
"CK-07","Chinook","Maria Slough_SU_0.3",2002,"Rel_Idx",NA,NA,NA,NA,NA,NA,NA,NA,0,394.698970447819,"CK-Fraser_Lower","None","Node16.NA","No LongTrend, so no SynStatus",NA,NA,NA,NA,"NA"
"CK-07","Chinook","Maria Slough_SU_0.3",2003,"Rel_Idx",NA,NA,NA,NA,NA,NA,NA,NA,0,541.953482858049,"CK-Fraser_Lower","None","Node16.NA","No LongTrend, so no SynStatus",NA,NA,NA,NA,"NA"
"CK-07","Chinook","Maria Slough_SU_0.3",2004,"Rel_Idx",NA,NA,NA,NA,NA,NA,NA,NA,0,NA,"CK-Fraser_Lower","None","Node16.NA","No LongTrend, so no SynStatus",NA,NA,NA,NA,"NA"
"CK-07","Chinook","Maria Slough_SU_0.3",2005,"Rel_Idx",NA,NA,NA,NA,NA,NA,NA,NA,0,NA,"CK-Fraser_Lower","None","Node16.NA","No LongTrend, so no SynStatus",NA,NA,NA,NA,"NA"
"CK-07","Chinook","Maria Slough_SU_0.3",2006,"Rel_Idx",NA,NA,NA,NA,NA,NA,NA,NA,0,NA,"CK-Fraser_Lower","None","Node16.NA","No LongTrend, so no SynStatus",NA,NA,NA,NA,"NA"
"CK-07","Chinook","Maria Slough_SU_0.3",2007,"Rel_Idx",NA,NA,NA,77.0256,29.4333,NA,NA,NA,1,NA,"CK-Fraser_Lower","None","Node16.NA","No LongTrend, so no SynStatus",NA,NA,NA,NA,"NA"
"CK-07","Chinook","Maria Slough_SU_0.3",2008,"Rel_Idx",NA,NA,NA,134.1322,22.0333,NA,NA,NA,1,507.2081208604,"CK-Fraser_Lower","None","Node16.NA","No LongTrend, so no SynStatus",NA,NA,NA,NA,"NA"
"CK-07","Chinook","Maria Slough_SU_0.3",2009,"Rel_Idx",NA,NA,NA,134.0847,20.4333,NA,NA,NA,1,563.293400216014,"CK-Fraser_Lower","None","Node16.NA","No LongTrend, so no SynStatus",NA,NA,NA,NA,"NA"
"CK-07","Chinook","Maria Slough_SU_0.3",2010,"Rel_Idx",NA,NA,NA,132.9937,17.0667,NA,NA,NA,1,663.25372198498,"CK-Fraser_Lower","None","Node16.NA","No LongTrend, so no SynStatus",NA,NA,NA,NA,"NA"
"CK-13","Chinook","South Thompson_SU_0.3",1995,"Rel_Idx",NA,NA,NA,NA,NA,NA,NA,NA,0,NA,"CK-Fraser_Thompson","None","Node16.NA","No LongTrend, so no SynStatus",NA,NA,NA,NA,"NA"
"CK-13","Chinook","South Thompson_SU_0.3",1996,"Rel_Idx",NA,NA,NA,NA,NA,NA,NA,NA,0,NA,"CK-Fraser_Thompson","None","Node16.NA","No LongTrend, so no SynStatus",NA,NA,NA,NA,"NA"
"CK-13","Chinook","South Thompson_SU_0.3",1997,"Rel_Idx",NA,NA,NA,NA,NA,NA,NA,NA,0,NA,"CK-Fraser_Thompson","None","Node16.NA","No LongTrend, so no SynStatus",NA,NA,NA,NA,"NA"
"CK-13","Chinook","South Thompson_SU_0.3",1998,"Rel_Idx",NA,NA,NA,NA,NA,NA,NA,NA,0,NA,"CK-Fraser_Thompson","None","Node16.NA","No LongTrend, so no SynStatus",NA,NA,NA,NA,"NA"
"CK-13","Chinook","South Thompson_SU_0.3",1999,"Rel_Idx",NA,NA,NA,NA,NA,NA,NA,NA,0,NA,"CK-Fraser_Thompson","None","Node16.NA","No LongTrend, so no SynStatus",NA,NA,NA,NA,"NA"
"CK-13","Chinook","South Thompson_SU_0.3",2000,"Rel_Idx",NA,NA,NA,NA,NA,NA,NA,NA,0,30016.4959802038,"CK-Fraser_Thompson","None","Node16.NA","No LongTrend, so no SynStatus",NA,NA,NA,NA,"NA"
"CK-13","Chinook","South Thompson_SU_0.3",2001,"Rel_Idx",NA,NA,NA,NA,NA,NA,NA,NA,0,30445.97000693,"CK-Fraser_Thompson","None","Node16.NA","No LongTrend, so no SynStatus",NA,NA,NA,NA,"NA"
"CK-13","Chinook","South Thompson_SU_0.3",2002,"Rel_Idx",NA,NA,NA,NA,NA,NA,NA,NA,0,32362.5962866604,"CK-Fraser_Thompson","None","Node16.NA","No LongTrend, so no SynStatus",NA,NA,NA,NA,"NA"
"CK-13","Chinook","South Thompson_SU_0.3",2003,"Rel_Idx",NA,NA,NA,NA,NA,NA,NA,NA,0,40864.6179682838,"CK-Fraser_Thompson","None","Node16.NA","No LongTrend, so no SynStatus",NA,NA,NA,NA,"NA"
"CK-13","Chinook","South Thompson_SU_0.3",2004,"Rel_Idx",NA,NA,NA,NA,NA,NA,NA,NA,0,51844.2142827446,"CK-Fraser_Thompson","None","Node16.NA","No LongTrend, so no SynStatus",NA,NA,NA,NA,"NA"
"CK-13","Chinook","South Thompson_SU_0.3",2005,"Rel_Idx",NA,NA,NA,NA,NA,NA,NA,NA,0,60849.1655325021,"CK-Fraser_Thompson","None","Node16.NA","No LongTrend, so no SynStatus",NA,NA,NA,NA,"NA"
"CK-13","Chinook","South Thompson_SU_0.3",2006,"Rel_Idx",NA,NA,NA,NA,NA,NA,NA,NA,0,72588.4503553123,"CK-Fraser_Thompson","None","Node16.NA","No LongTrend, so no SynStatus",NA,NA,NA,NA,"NA"
"CK-13","Chinook","South Thompson_SU_0.3",2007,"Rel_Idx",NA,NA,NA,NA,NA,NA,NA,NA,0,77738.9528352035,"CK-Fraser_Thompson","None","Node16.NA","No LongTrend, so no SynStatus",NA,NA,NA,NA,"NA"
"CK-13","Chinook","South Thompson_SU_0.3",2008,"Rel_Idx",NA,NA,NA,234.0972,0.2333,NA,NA,NA,1,90995.8223150426,"CK-Fraser_Thompson","None","Node16.NA","No LongTrend, so no SynStatus",NA,NA,NA,NA,"NA"
"CK-13","Chinook","South Thompson_SU_0.3",2009,"Rel_Idx",NA,NA,NA,230.1747,0.1,NA,NA,NA,1,85675.5499618772,"CK-Fraser_Thompson","None","Node16.NA","No LongTrend, so no SynStatus",NA,NA,NA,NA,"NA"
"CK-13","Chinook","South Thompson_SU_0.3",2010,"Rel_Idx",NA,NA,NA,322.2186,0,NA,NA,NA,1,77524.3469832066,"CK-Fraser_Thompson","None","Node16.NA","No LongTrend, so no SynStatus",NA,NA,NA,NA,"NA"
"CK-82","Chinook","Upper Adams River_SU_x.x",1995,"Rel_Idx",NA,NA,NA,NA,NA,NA,NA,NA,0,NA,"CK-Fraser_Thompson","None","Node16.NA","No LongTrend, so no SynStatus",NA,NA,NA,NA,"NA"
"CK-82","Chinook","Upper Adams River_SU_x.x",1996,"Rel_Idx",NA,NA,NA,NA,NA,NA,NA,NA,0,NA,"CK-Fraser_Thompson","None","Node16.NA","No LongTrend, so no SynStatus",NA,NA,NA,NA,"NA"
"CK-82","Chinook","Upper Adams River_SU_x.x",1997,"Rel_Idx",NA,NA,NA,NA,NA,NA,NA,NA,0,NA,"CK-Fraser_Thompson","None","Node16.NA","No LongTrend, so no SynStatus",NA,NA,NA,NA,"NA"
"CK-82","Chinook","Upper Adams River_SU_x.x",1998,"Rel_Idx",NA,NA,NA,NA,NA,NA,NA,NA,0,NA,"CK-Fraser_Thompson","None","Node16.NA","No LongTrend, so no SynStatus",NA,NA,NA,NA,"NA"
"CK-82","Chinook","Upper Adams River_SU_x.x",1999,"Rel_Idx",NA,NA,NA,NA,NA,NA,NA,NA,0,NA,"CK-Fraser_Thompson","None","Node16.NA","No LongTrend, so no SynStatus",NA,NA,NA,NA,"NA"
"CK-82","Chinook","Upper Adams River_SU_x.x",2000,"Rel_Idx",NA,NA,NA,NA,NA,NA,NA,NA,0,NA,"CK-Fraser_Thompson","None","Node16.NA","No LongTrend, so no SynStatus",NA,NA,NA,NA,"NA"
"CK-82","Chinook","Upper Adams River_SU_x.x",2001,"Rel_Idx",NA,NA,NA,NA,NA,NA,NA,NA,0,NA,"CK-Fraser_Thompson","None","Node16.NA","No LongTrend, so no SynStatus",NA,NA,NA,NA,"NA"
"CK-82","Chinook","Upper Adams River_SU_x.x",2002,"Rel_Idx",NA,NA,NA,NA,NA,NA,NA,NA,0,NA,"CK-Fraser_Thompson","None","Node16.NA","No LongTrend, so no SynStatus",NA,NA,NA,NA,"NA"
"CK-82","Chinook","Upper Adams River_SU_x.x",2003,"Rel_Idx",NA,NA,NA,NA,NA,NA,NA,NA,0,81.8510332058335,"CK-Fraser_Thompson","None","Node16.NA","No LongTrend, so no SynStatus",NA,NA,NA,NA,"NA"
"CK-82","Chinook","Upper Adams River_SU_x.x",2004,"Rel_Idx",NA,NA,NA,NA,NA,NA,NA,NA,0,96.0423552551228,"CK-Fraser_Thompson","None","Node16.NA","No LongTrend, so no SynStatus",NA,NA,NA,NA,"NA"
"CK-82","Chinook","Upper Adams River_SU_x.x",2005,"Rel_Idx",NA,NA,NA,NA,NA,NA,NA,NA,0,NA,"CK-Fraser_Thompson","None","Node16.NA","No LongTrend, so no SynStatus",NA,NA,NA,NA,"NA"
"CK-82","Chinook","Upper Adams River_SU_x.x",2006,"Rel_Idx",NA,NA,NA,NA,NA,NA,NA,NA,0,NA,"CK-Fraser_Thompson","None","Node16.NA","No LongTrend, so no SynStatus",NA,NA,NA,NA,"NA"
"CK-82","Chinook","Upper Adams River_SU_x.x",2007,"Rel_Idx",NA,NA,NA,NA,NA,NA,NA,NA,0,NA,"CK-Fraser_Thompson","None","Node16.NA","No LongTrend, so no SynStatus",NA,NA,NA,NA,"NA"
"CK-82","Chinook","Upper Adams River_SU_x.x",2008,"Rel_Idx",NA,NA,NA,NA,NA,NA,NA,NA,0,NA,"CK-Fraser_Thompson","None","Node16.NA","No LongTrend, so no SynStatus",NA,NA,NA,NA,"NA"
"CK-82","Chinook","Upper Adams River_SU_x.x",2009,"Rel_Idx",NA,NA,NA,NA,NA,NA,NA,NA,0,NA,"CK-Fraser_Thompson","None","Node16.NA","No LongTrend, so no SynStatus",NA,NA,NA,NA,"NA"
"CK-82","Chinook","Upper Adams River_SU_x.x",2010,"Rel_Idx",NA,NA,NA,NA,NA,NA,NA,NA,0,73.9078521692362,"CK-Fraser_Thompson","None","Node16.NA","No LongTrend, so no SynStatus",NA,NA,NA,NA,"NA"
"CK-82","Chinook","Upper Adams River_SU_x.x",2011,"Rel_Idx",NA,NA,NA,NA,NA,NA,NA,NA,0,62.2606141921667,"CK-Fraser_Thompson","None","Node16.NA","No LongTrend, so no SynStatus",NA,NA,NA,NA,"NA"
"CK-82","Chinook","Upper Adams River_SU_x.x",2012,"Rel_Idx",NA,NA,NA,NA,NA,NA,NA,NA,0,85.3811005195155,"CK-Fraser_Thompson","None","Node16.NA","No LongTrend, so no SynStatus",NA,NA,NA,NA,"NA"
"CK-82","Chinook","Upper Adams River_SU_x.x",2013,"Rel_Idx",NA,NA,NA,NA,NA,NA,NA,NA,0,NA,"CK-Fraser_Thompson","None","Node16.NA","No LongTrend, so no SynStatus",NA,NA,NA,NA,"NA"
"CK-82","Chinook","Upper Adams River_SU_x.x",2014,"Rel_Idx",NA,NA,NA,NA,NA,NA,NA,NA,0,NA,"CK-Fraser_Thompson","None","Node16.NA","No LongTrend, so no SynStatus",NA,NA,NA,NA,"NA"
"CK-82","Chinook","Upper Adams River_SU_x.x",2015,"Rel_Idx",NA,NA,NA,NA,NA,NA,NA,NA,0,NA,"CK-Fraser_Thompson","None","Node16.NA","No LongTrend, so no SynStatus",NA,NA,NA,NA,"NA"
"CK-82","Chinook","Upper Adams River_SU_x.x",2016,"Rel_Idx",NA,NA,NA,NA,NA,NA,NA,NA,0,NA,"CK-Fraser_Thompson","None","Node16.NA","No LongTrend, so no SynStatus",NA,NA,NA,NA,"NA"
"CK-82","Chinook","Upper Adams River_SU_x.x",2017,"Rel_Idx",NA,NA,NA,NA,NA,NA,NA,NA,0,NA,"CK-Fraser_Thompson","None","Node16.NA","No LongTrend, so no SynStatus",NA,NA,NA,NA,"NA"
"CK-82","Chinook","Upper Adams River_SU_x.x",2018,"Rel_Idx",NA,NA,NA,NA,NA,NA,NA,NA,0,NA,"CK-Fraser_Thompson","None","Node16.NA","No LongTrend, so no SynStatus",NA,NA,NA,NA,"NA"
"CK-82","Chinook","Upper Adams River_SU_x.x",2019,"Rel_Idx",NA,NA,NA,NA,NA,NA,NA,NA,0,NA,"CK-Fraser_Thompson","None","Node16.NA","No LongTrend, so no SynStatus",NA,NA,NA,NA,"NA"
"CK-82","Chinook","Upper Adams River_SU_x.x",2020,"Rel_Idx",NA,NA,NA,NA,NA,NA,NA,NA,0,NA,"CK-Fraser_Thompson","None","Node16.NA","No LongTrend, so no SynStatus",NA,NA,NA,NA,"NA"
"CK-82","Chinook","Upper Adams River_SU_x.x",2021,"Rel_Idx",NA,NA,NA,NA,NA,NA,NA,NA,0,NA,"CK-Fraser_Thompson","None","Node16.NA","No LongTrend, so no SynStatus",NA,NA,NA,NA,"NA"
"CK-82","Chinook","Upper Adams River_SU_x.x",2022,"Rel_Idx",NA,NA,NA,NA,NA,NA,NA,NA,0,NA,"CK-Fraser_Thompson","None","Node16.NA","No LongTrend, so no SynStatus",NA,NA,NA,NA,"NA"
"CK-07","Chinook","Maria Slough_SU_0.3",2017,"Rel_Idx",NA,NA,63,-72.0582,86.7,NA,NA,NA,2,237.71746909821,"CK-Fraser_Lower","Red","Node17","Data Type is RelAbd OR AbsLBM >= 1.5, then Data Type is RelAbd OR AbsUBM >= 1, then Don't have RelLBM, then LongTrend < 79",NA,NA,5,NA,"NA"
"CK-07","Chinook","Maria Slough_SU_0.3",2018,"Rel_Idx",NA,NA,19,-98.005,98.3333,NA,NA,NA,2,55.1178251954134,"CK-Fraser_Lower","Red","Node17","Data Type is RelAbd OR AbsLBM >= 1.5, then Data Type is RelAbd OR AbsUBM >= 1, then Don't have RelLBM, then LongTrend < 79",NA,NA,5,NA,"NA"
"CK-07","Chinook","Maria Slough_SU_0.3",2019,"Rel_Idx",NA,NA,13,-96.6072,96.8667,NA,NA,NA,2,38.7358997106009,"CK-Fraser_Lower","Red","Node17","Data Type is RelAbd OR AbsLBM >= 1.5, then Data Type is RelAbd OR AbsUBM >= 1, then Don't have RelLBM, then LongTrend < 79",NA,NA,5,NA,"NA"
"CK-07","Chinook","Maria Slough_SU_0.3",2020,"Rel_Idx",NA,NA,10,-97.9544,97.9,NA,NA,NA,2,27.3249678670981,"CK-Fraser_Lower","Red","Node17","Data Type is RelAbd OR AbsLBM >= 1.5, then Data Type is RelAbd OR AbsUBM >= 1, then Don't have RelLBM, then LongTrend < 79",NA,NA,5,NA,"NA"
"CK-07","Chinook","Maria Slough_SU_0.3",2021,"Rel_Idx",NA,NA,9,-98.3511,98.7,NA,NA,NA,2,22.3888902433831,"CK-Fraser_Lower","Red","Node17","Data Type is RelAbd OR AbsLBM >= 1.5, then Data Type is RelAbd OR AbsUBM >= 1, then Don't have RelLBM, then LongTrend < 79",NA,NA,5,NA,"NA"
"CK-07","Chinook","Maria Slough_SU_0.3",2022,"Rel_Idx",NA,NA,25,-98.1938,98.2333,NA,NA,NA,2,55.5876694667456,"CK-Fraser_Lower","Red","Node17","Data Type is RelAbd OR AbsLBM >= 1.5, then Data Type is RelAbd OR AbsUBM >= 1, then Don't have RelLBM, then LongTrend < 79",NA,NA,5,NA,"NA"
"CK-03","Chinook","Lower Fraser River_FA_0.3",2019,"Abs_Abd",0.9324627487134,40.0194362492817,50,-42.7749,74.2,NA,0.560402120781965,4.00194362492817,6,40019.4362492817,"CK-Fraser_Lower","Red","Node19","Data Type is RelAbd OR AbsLBM >= 1.5, then Data Type is RelAbd OR AbsUBM >= 1, then Have RelLBM, then RelLBM < 1",NA,NA,5,NA,"NA"
"CK-03","Chinook","Lower Fraser River_FA_0.3",2020,"Abs_Abd",0.942235765381614,40.4388745786481,51,-55.9013,92.1,NA,0.566275620044924,4.04388745786481,6,40438.8745786481,"CK-Fraser_Lower","Red","Node19","Data Type is RelAbd OR AbsLBM >= 1.5, then Data Type is RelAbd OR AbsUBM >= 1, then Have RelLBM, then RelLBM < 1",NA,NA,5,NA,"NA"
"CK-03","Chinook","Lower Fraser River_FA_0.3",2021,"Abs_Abd",0.990901685276003,42.5275185286755,55,-58.4484,93,NA,0.595523420835091,4.25275185286755,6,42527.5185286755,"CK-Fraser_Lower","Red","Node19","Data Type is RelAbd OR AbsLBM >= 1.5, then Data Type is RelAbd OR AbsUBM >= 1, then Have RelLBM, then RelLBM < 1",NA,NA,5,NA,"NA"
"CK-03","Chinook","Lower Fraser River_FA_0.3",1995,"Abs_Abd",1.91713851602202,82.2797508306332,NA,-47.7951,74.3667,NA,1.1521838182747,8.22797508306332,5,82279.7508306332,"CK-Fraser_Lower","Green","Node36","Data Type is RelAbd OR AbsLBM >= 1.5, then Data Type is RelAbd OR AbsUBM >= 1, then Have RelLBM, then RelLBM >= 1, then RelUBM >= 1.1",NA,NA,1,NA,"NA"
"CK-03","Chinook","Lower Fraser River_FA_0.3",1999,"Abs_Abd",2.04260100688293,87.6643500134017,94,20.1039,22.2667,NA,1.22758570007004,8.76643500134017,6,87664.3500134017,"CK-Fraser_Lower","Green","Node36","Data Type is RelAbd OR AbsLBM >= 1.5, then Data Type is RelAbd OR AbsUBM >= 1, then Have RelLBM, then RelLBM >= 1, then RelUBM >= 1.1",NA,NA,1,NA,"NA"
"CK-03","Chinook","Lower Fraser River_FA_0.3",2000,"Abs_Abd",2.44352179070022,104.871068213272,113,-20.7543,46.4667,NA,1.46853565525783,10.4871068213272,6,104871.068213272,"CK-Fraser_Lower","Green","Node36","Data Type is RelAbd OR AbsLBM >= 1.5, then Data Type is RelAbd OR AbsUBM >= 1, then Have RelLBM, then RelLBM >= 1, then RelUBM >= 1.1",NA,NA,1,NA,"NA"
"CK-03","Chinook","Lower Fraser River_FA_0.3",2001,"Abs_Abd",2.71604617499138,116.56726973828,125,-21.2728,46.5,NA,1.63232047468605,11.656726973828,6,116567.26973828,"CK-Fraser_Lower","Green","Node36","Data Type is RelAbd OR AbsLBM >= 1.5, then Data Type is RelAbd OR AbsUBM >= 1, then Have RelLBM, then RelLBM >= 1, then RelUBM >= 1.1",NA,NA,1,NA,"NA"
"CK-03","Chinook","Lower Fraser River_FA_0.3",2002,"Abs_Abd",2.18572599573539,93.8069882849713,101,3.4444,26.4333,NA,1.31360259179089,9.38069882849713,6,93806.9882849713,"CK-Fraser_Lower","Green","Node36","Data Type is RelAbd OR AbsLBM >= 1.5, then Data Type is RelAbd OR AbsUBM >= 1, then Have RelLBM, then RelLBM >= 1, then RelUBM >= 1.1",NA,NA,1,NA,"NA"
"CK-03","Chinook","Lower Fraser River_FA_0.3",2003,"Abs_Abd",2.7059620354921,116.13447863925,119,66.9086,9.6,NA,1.62625999326794,11.613447863925,6,116134.47863925,"CK-Fraser_Lower","Green","Node36","Data Type is RelAbd OR AbsLBM >= 1.5, then Data Type is RelAbd OR AbsUBM >= 1, then Have RelLBM, then RelLBM >= 1, then RelUBM >= 1.1",NA,NA,1,NA,"NA"
"CK-03","Chinook","Lower Fraser River_FA_0.3",2004,"Abs_Abd",3.12221290911494,133.999133633395,135,135.3508,2.9667,NA,1.87642320105017,13.3999133633395,6,133999.133633395,"CK-Fraser_Lower","Green","Node36","Data Type is RelAbd OR AbsLBM >= 1.5, then Data Type is RelAbd OR AbsUBM >= 1, then Have RelLBM, then RelLBM >= 1, then RelUBM >= 1.1",NA,NA,1,NA,"NA"
"CK-03","Chinook","Lower Fraser River_FA_0.3",2005,"Abs_Abd",2.9604155529564,127.055114701783,129,162.8529,1.6333,NA,1.77918437660033,12.7055114701783,6,127055.114701783,"CK-Fraser_Lower","Green","Node36","Data Type is RelAbd OR AbsLBM >= 1.5, then Data Type is RelAbd OR AbsUBM >= 1, then Have RelLBM, then RelLBM >= 1, then RelUBM >= 1.1",NA,NA,1,NA,"NA"
"CK-03","Chinook","Lower Fraser River_FA_0.3",2006,"Abs_Abd",2.7254638077492,116.97145570098,121,126.4438,2.9667,NA,1.63798039126449,11.697145570098,6,116971.45570098,"CK-Fraser_Lower","Green","Node36","Data Type is RelAbd OR AbsLBM >= 1.5, then Data Type is RelAbd OR AbsUBM >= 1, then Have RelLBM, then RelLBM >= 1, then RelUBM >= 1.1",NA,NA,1,NA,"NA"
"CK-03","Chinook","Lower Fraser River_FA_0.3",2007,"Abs_Abd",2.03242049282741,87.2274227111667,91,18.9367,18.6,NA,1.22146729836956,8.72274227111667,6,87227.4227111667,"CK-Fraser_Lower","Green","Node36","Data Type is RelAbd OR AbsLBM >= 1.5, then Data Type is RelAbd OR AbsUBM >= 1, then Have RelLBM, then RelLBM >= 1, then RelUBM >= 1.1",NA,NA,1,NA,"NA"
"CK-03","Chinook","Lower Fraser River_FA_0.3",2012,"Abs_Abd",1.8561689631129,79.6630595588794,88,-49.6376,81.4333,NA,1.11554163948467,7.96630595588794,6,79663.0595588794,"CK-Fraser_Lower","Green","Node36","Data Type is RelAbd OR AbsLBM >= 1.5, then Data Type is RelAbd OR AbsUBM >= 1, then Have RelLBM, then RelLBM >= 1, then RelUBM >= 1.1",NA,NA,1,NA,"NA"
"CK-15","Chinook","Shuswap River_SU_0.3",1995,"Abs_Abd",10.2367725181635,17.7300900014592,NA,61.8123,3,NA,1.69051201386911,1.77300900014592,5,17730.0900014592,"CK-Fraser_Thompson","Green","Node36","Data Type is RelAbd OR AbsLBM >= 1.5, then Data Type is RelAbd OR AbsUBM >= 1, then Have RelLBM, then RelLBM >= 1, then RelUBM >= 1.1",NA,NA,1,NA,"NA"
"CK-15","Chinook","Shuswap River_SU_0.3",1996,"Abs_Abd",11.3597812942301,19.6751412016065,NA,49.6012,3.3,NA,1.87596693379162,1.96751412016065,5,19675.1412016065,"CK-Fraser_Thompson","Green","Node36","Data Type is RelAbd OR AbsLBM >= 1.5, then Data Type is RelAbd OR AbsUBM >= 1, then Have RelLBM, then RelLBM >= 1, then RelUBM >= 1.1",NA,NA,1,NA,"NA"
"CK-15","Chinook","Shuswap River_SU_0.3",1997,"Abs_Abd",14.2411236306347,24.6656261282593,149,21.977,8.9333,NA,2.35179501604303,2.46656261282593,6,24665.6261282593,"CK-Fraser_Thompson","Green","Node36","Data Type is RelAbd OR AbsLBM >= 1.5, then Data Type is RelAbd OR AbsUBM >= 1, then Have RelLBM, then RelLBM >= 1, then RelUBM >= 1.1",NA,NA,1,NA,"NA"
"CK-15","Chinook","Shuswap River_SU_0.3",1998,"Abs_Abd",14.8796332146204,25.7715247277226,149,53.4491,3.1,NA,2.457239199821,2.57715247277226,6,25771.5247277226,"CK-Fraser_Thompson","Green","Node36","Data Type is RelAbd OR AbsLBM >= 1.5, then Data Type is RelAbd OR AbsUBM >= 1, then Have RelLBM, then RelLBM >= 1, then RelUBM >= 1.1",NA,NA,1,NA,"NA"
"CK-15","Chinook","Shuswap River_SU_0.3",1999,"Abs_Abd",19.3722314399442,33.5527048539833,183,89.5478,1.6667,NA,3.19915187394959,3.35527048539833,6,33552.7048539833,"CK-Fraser_Thompson","Green","Node36","Data Type is RelAbd OR AbsLBM >= 1.5, then Data Type is RelAbd OR AbsUBM >= 1, then Have RelLBM, then RelLBM >= 1, then RelUBM >= 1.1",NA,NA,1,NA,"NA"
"CK-15","Chinook","Shuswap River_SU_0.3",2000,"Abs_Abd",18.3630519933656,31.8048060525092,169,111.2687,0.4667,NA,3.03249485626518,3.18048060525092,6,31804.8060525092,"CK-Fraser_Thompson","Green","Node36","Data Type is RelAbd OR AbsLBM >= 1.5, then Data Type is RelAbd OR AbsUBM >= 1, then Have RelLBM, then RelLBM >= 1, then RelUBM >= 1.1",NA,NA,1,NA,"NA"
"CK-15","Chinook","Shuswap River_SU_0.3",2001,"Abs_Abd",20.6528352609447,35.7707106719562,184,134.7841,0.3,NA,3.4106322150988,3.57707106719562,6,35770.7106719562,"CK-Fraser_Thompson","Green","Node36","Data Type is RelAbd OR AbsLBM >= 1.5, then Data Type is RelAbd OR AbsUBM >= 1, then Have RelLBM, then RelLBM >= 1, then RelUBM >= 1.1",NA,NA,1,NA,"NA"
"CK-15","Chinook","Shuswap River_SU_0.3",2002,"Abs_Abd",23.2034782888503,40.1884243962887,197,207.7839,0.0667,NA,3.83184824526017,4.01884243962887,6,40188.4243962887,"CK-Fraser_Thompson","Green","Node36","Data Type is RelAbd OR AbsLBM >= 1.5, then Data Type is RelAbd OR AbsUBM >= 1, then Have RelLBM, then RelLBM >= 1, then RelUBM >= 1.1",NA,NA,1,NA,"NA"
"CK-15","Chinook","Shuswap River_SU_0.3",2003,"Abs_Abd",22.2420507148094,38.5232318380498,182,190.6107,0.1,NA,3.67307702498568,3.85232318380498,6,38523.2318380498,"CK-Fraser_Thompson","Green","Node36","Data Type is RelAbd OR AbsLBM >= 1.5, then Data Type is RelAbd OR AbsUBM >= 1, then Have RelLBM, then RelLBM >= 1, then RelUBM >= 1.1",NA,NA,1,NA,"NA"
"CK-15","Chinook","Shuswap River_SU_0.3",2004,"Abs_Abd",19.6711145261569,34.0703703593038,163,111.0226,1.8333,NA,3.24850975965902,3.40703703593038,6,34070.3703593038,"CK-Fraser_Thompson","Green","Node36","Data Type is RelAbd OR AbsLBM >= 1.5, then Data Type is RelAbd OR AbsUBM >= 1, then Have RelLBM, then RelLBM >= 1, then RelUBM >= 1.1",NA,NA,1,NA,"NA"
"CK-15","Chinook","Shuswap River_SU_0.3",2005,"Abs_Abd",16.5681603866228,28.6960537896307,138,1.3004,21.7667,NA,2.73608445744,2.86960537896307,6,28696.0537896307,"CK-Fraser_Thompson","Green","Node36","Data Type is RelAbd OR AbsLBM >= 1.5, then Data Type is RelAbd OR AbsUBM >= 1, then Have RelLBM, then RelLBM >= 1, then RelUBM >= 1.1",NA,NA,1,NA,"NA"
"CK-15","Chinook","Shuswap River_SU_0.3",2006,"Abs_Abd",16.9175178302591,29.3011408820087,135,32.6088,10.0667,NA,2.7937777347453,2.93011408820087,6,29301.1408820087,"CK-Fraser_Thompson","Green","Node36","Data Type is RelAbd OR AbsLBM >= 1.5, then Data Type is RelAbd OR AbsUBM >= 1, then Have RelLBM, then RelLBM >= 1, then RelUBM >= 1.1",NA,NA,1,NA,"NA"
"CK-15","Chinook","Shuswap River_SU_0.3",2007,"Abs_Abd",13.4967836422632,23.3764292683998,109,-25.7046,50.7667,NA,2.22887388142637,2.33764292683998,6,23376.4292683998,"CK-Fraser_Thompson","Green","Node36","Data Type is RelAbd OR AbsLBM >= 1.5, then Data Type is RelAbd OR AbsUBM >= 1, then Have RelLBM, then RelLBM >= 1, then RelUBM >= 1.1",NA,NA,1,NA,"NA"
"CK-15","Chinook","Shuswap River_SU_0.3",2008,"Abs_Abd",13.0837525507194,22.661059417846,107,-42.5256,70.9667,NA,2.16066546699523,2.2661059417846,6,22661.059417846,"CK-Fraser_Thompson","Green","Node36","Data Type is RelAbd OR AbsLBM >= 1.5, then Data Type is RelAbd OR AbsUBM >= 1, then Have RelLBM, then RelLBM >= 1, then RelUBM >= 1.1",NA,NA,1,NA,"NA"
"CK-15","Chinook","Shuswap River_SU_0.3",2009,"Abs_Abd",14.252058954118,24.6845661085323,116,-51.6508,84.4333,NA,2.35360088754122,2.46845661085323,6,24684.5661085323,"CK-Fraser_Thompson","Green","Node36","Data Type is RelAbd OR AbsLBM >= 1.5, then Data Type is RelAbd OR AbsUBM >= 1, then Have RelLBM, then RelLBM >= 1, then RelUBM >= 1.1",NA,NA,1,NA,"NA"
"CK-15","Chinook","Shuswap River_SU_0.3",2010,"Abs_Abd",14.9422120813356,25.8799113248733,116,-25.0645,50.0667,NA,2.46757354356153,2.58799113248733,6,25879.9113248733,"CK-Fraser_Thompson","Green","Node36","Data Type is RelAbd OR AbsLBM >= 1.5, then Data Type is RelAbd OR AbsUBM >= 1, then Have RelLBM, then RelLBM >= 1, then RelUBM >= 1.1",NA,NA,1,NA,"NA"
"CK-15","Chinook","Shuswap River_SU_0.3",2011,"Abs_Abd",15.6019135942254,27.0225143451984,122,-24.9684,50,NA,2.57651738607918,2.70225143451984,6,27022.5143451984,"CK-Fraser_Thompson","Green","Node36","Data Type is RelAbd OR AbsLBM >= 1.5, then Data Type is RelAbd OR AbsUBM >= 1, then Have RelLBM, then RelLBM >= 1, then RelUBM >= 1.1",NA,NA,1,NA,"NA"
"CK-15","Chinook","Shuswap River_SU_0.3",2012,"Abs_Abd",11.4161150514645,19.7727112691366,94,-66.8419,87.7667,NA,1.88526995319762,1.97727112691366,6,19772.7112691366,"CK-Fraser_Thompson","Green","Node36","Data Type is RelAbd OR AbsLBM >= 1.5, then Data Type is RelAbd OR AbsUBM >= 1, then Have RelLBM, then RelLBM >= 1, then RelUBM >= 1.1",NA,NA,1,NA,"NA"
"CK-15","Chinook","Shuswap River_SU_0.3",2013,"Abs_Abd",11.7918859982138,20.4235465489063,96,-55.9092,77.7,NA,1.94732518582249,2.04235465489063,6,20423.5465489063,"CK-Fraser_Thompson","Green","Node36","Data Type is RelAbd OR AbsLBM >= 1.5, then Data Type is RelAbd OR AbsUBM >= 1, then Have RelLBM, then RelLBM >= 1, then RelUBM >= 1.1",NA,NA,1,NA,"NA"
"CK-15","Chinook","Shuswap River_SU_0.3",2014,"Abs_Abd",10.4516054883997,18.1021807059083,83,-17.1318,44.7667,NA,1.72598976982345,1.81021807059083,6,18102.1807059083,"CK-Fraser_Thompson","Green","Node36","Data Type is RelAbd OR AbsLBM >= 1.5, then Data Type is RelAbd OR AbsUBM >= 1, then Have RelLBM, then RelLBM >= 1, then RelUBM >= 1.1",NA,NA,1,NA,"NA"
"CK-15","Chinook","Shuswap River_SU_0.3",2015,"Abs_Abd",12.5095068011547,21.6664657796,98,31.4875,23.6333,NA,2.06583388440122,2.16664657796,6,21666.4657796,"CK-Fraser_Thompson","Green","Node36","Data Type is RelAbd OR AbsLBM >= 1.5, then Data Type is RelAbd OR AbsUBM >= 1, then Have RelLBM, then RelLBM >= 1, then RelUBM >= 1.1",NA,NA,1,NA,"NA"
"CK-15","Chinook","Shuswap River_SU_0.3",2016,"Abs_Abd",13.8008393405715,23.9030537378698,112,-36.0717,58.1333,NA,2.27908597805776,2.39030537378698,6,23903.0537378698,"CK-Fraser_Thompson","Green","Node36","Data Type is RelAbd OR AbsLBM >= 1.5, then Data Type is RelAbd OR AbsUBM >= 1, then Have RelLBM, then RelLBM >= 1, then RelUBM >= 1.1",NA,NA,1,NA,"NA"
"CK-15","Chinook","Shuswap River_SU_0.3",2017,"Abs_Abd",11.3788104965649,19.7080997800504,94,-53.7521,71.7,NA,1.87910943745713,1.97080997800504,6,19708.0997800504,"CK-Fraser_Thompson","Green","Node36","Data Type is RelAbd OR AbsLBM >= 1.5, then Data Type is RelAbd OR AbsUBM >= 1, then Have RelLBM, then RelLBM >= 1, then RelUBM >= 1.1",NA,NA,1,NA,"NA"
"CK-15","Chinook","Shuswap River_SU_0.3",2018,"Abs_Abd",8.97468109205803,15.5441476514445,74,-28.7742,52.9667,NA,1.48208883022926,1.55441476514445,6,15544.1476514445,"CK-Fraser_Thompson","Green","Node36","Data Type is RelAbd OR AbsLBM >= 1.5, then Data Type is RelAbd OR AbsUBM >= 1, then Have RelLBM, then RelLBM >= 1, then RelUBM >= 1.1",NA,NA,1,NA,"NA"
"CK-15","Chinook","Shuswap River_SU_0.3",2019,"Abs_Abd",8.35674809780404,14.4738877053966,69,-18.3497,45.3667,NA,1.38004268739479,1.44738877053966,6,14473.8877053966,"CK-Fraser_Thompson","Green","Node36","Data Type is RelAbd OR AbsLBM >= 1.5, then Data Type is RelAbd OR AbsUBM >= 1, then Have RelLBM, then RelLBM >= 1, then RelUBM >= 1.1",NA,NA,1,NA,"NA"
"CK-15","Chinook","Shuswap River_SU_0.3",2020,"Abs_Abd",11.7924424616459,20.4245103435707,96,-28.1211,52.1667,NA,1.94741708081338,2.04245103435707,6,20424.5103435707,"CK-Fraser_Thompson","Green","Node36","Data Type is RelAbd OR AbsLBM >= 1.5, then Data Type is RelAbd OR AbsUBM >= 1, then Have RelLBM, then RelLBM >= 1, then RelUBM >= 1.1",NA,NA,1,NA,"NA"
"CK-15","Chinook","Shuswap River_SU_0.3",2021,"Abs_Abd",14.357076910445,24.8664572088907,116,-6.4135,39.6333,NA,2.3709436698027,2.48664572088907,6,24866.4572088907,"CK-Fraser_Thompson","Green","Node36","Data Type is RelAbd OR AbsLBM >= 1.5, then Data Type is RelAbd OR AbsUBM >= 1, then Have RelLBM, then RelLBM >= 1, then RelUBM >= 1.1",NA,NA,1,NA,"NA"
"CK-15","Chinook","Shuswap River_SU_0.3",2022,"Abs_Abd",17.0327526944788,29.5007276668373,136,102.7569,7.2,NA,2.81280774855428,2.95007276668373,6,29500.7276668373,"CK-Fraser_Thompson","Green","Node36","Data Type is RelAbd OR AbsLBM >= 1.5, then Data Type is RelAbd OR AbsUBM >= 1, then Have RelLBM, then RelLBM >= 1, then RelUBM >= 1.1",NA,NA,1,NA,"NA"
"CK-03","Chinook","Lower Fraser River_FA_0.3",1996,"Abs_Abd",1.40916389132312,60.4784958878056,NA,-59.9273,86.4333,NA,0.846895422167221,6.04784958878056,5,60478.4958878056,"CK-Fraser_Lower","Amber","Node37","Data Type is RelAbd OR AbsLBM >= 1.5, then Data Type is RelAbd OR AbsUBM >= 1, then Have RelLBM, then RelLBM >= 1, then RelUBM < 1.1",NA,NA,3,NA,"NA"
"CK-03","Chinook","Lower Fraser River_FA_0.3",1997,"Abs_Abd",1.23877291962388,53.1656561644177,NA,-47.2564,73.4,NA,0.744491908424602,5.31656561644177,5,53165.6561644177,"CK-Fraser_Lower","Amber","Node37","Data Type is RelAbd OR AbsLBM >= 1.5, then Data Type is RelAbd OR AbsUBM >= 1, then Have RelLBM, then RelLBM >= 1, then RelUBM < 1.1",NA,NA,3,NA,"NA"
"CK-03","Chinook","Lower Fraser River_FA_0.3",1998,"Abs_Abd",1.47677174077149,63.3800895704306,68,10.0111,26.5,NA,0.887527160287215,6.33800895704306,6,63380.0895704306,"CK-Fraser_Lower","Amber","Node37","Data Type is RelAbd OR AbsLBM >= 1.5, then Data Type is RelAbd OR AbsUBM >= 1, then Have RelLBM, then RelLBM >= 1, then RelUBM < 1.1",NA,NA,3,NA,"NA"
"CK-03","Chinook","Lower Fraser River_FA_0.3",2008,"Abs_Abd",1.50168700624875,64.4494029341839,70,-45.8679,77.4667,NA,0.90250102131552,6.44494029341839,6,64449.4029341839,"CK-Fraser_Lower","Amber","Node37","Data Type is RelAbd OR AbsLBM >= 1.5, then Data Type is RelAbd OR AbsUBM >= 1, then Have RelLBM, then RelLBM >= 1, then RelUBM < 1.1",NA,NA,3,NA,"NA"
"CK-03","Chinook","Lower Fraser River_FA_0.3",2009,"Abs_Abd",1.41648691414875,60.792785381436,66,-60.0538,93.7667,NA,0.851296496127205,6.0792785381436,6,60792.785381436,"CK-Fraser_Lower","Amber","Node37","Data Type is RelAbd OR AbsLBM >= 1.5, then Data Type is RelAbd OR AbsUBM >= 1, then Have RelLBM, then RelLBM >= 1, then RelUBM < 1.1",NA,NA,3,NA,"NA"
"CK-03","Chinook","Lower Fraser River_FA_0.3",2010,"Abs_Abd",1.61963677317971,69.5115710313266,75,-40.4019,71.8,NA,0.973387820412908,6.95115710313266,6,69511.5710313266,"CK-Fraser_Lower","Amber","Node37","Data Type is RelAbd OR AbsLBM >= 1.5, then Data Type is RelAbd OR AbsUBM >= 1, then Have RelLBM, then RelLBM >= 1, then RelUBM < 1.1",NA,NA,3,NA,"NA"
"CK-03","Chinook","Lower Fraser River_FA_0.3",2011,"Abs_Abd",1.82544833342394,78.3445915738885,84,-25.8864,51.2,NA,1.09707880431704,7.83445915738885,6,78344.5915738885,"CK-Fraser_Lower","Amber","Node37","Data Type is RelAbd OR AbsLBM >= 1.5, then Data Type is RelAbd OR AbsUBM >= 1, then Have RelLBM, then RelLBM >= 1, then RelUBM < 1.1",NA,NA,3,NA,"NA"
"CK-03","Chinook","Lower Fraser River_FA_0.3",2013,"Abs_Abd",1.64315443187213,70.520901907088,80,-58.7322,89.9667,NA,0.987521731740996,7.0520901907088,6,70520.901907088,"CK-Fraser_Lower","Amber","Node37","Data Type is RelAbd OR AbsLBM >= 1.5, then Data Type is RelAbd OR AbsUBM >= 1, then Have RelLBM, then RelLBM >= 1, then RelUBM < 1.1",NA,NA,3,NA,"NA"
"CK-03","Chinook","Lower Fraser River_FA_0.3",2014,"Abs_Abd",1.33316822615251,57.2169139300136,66,-67.4075,96.7333,NA,0.801222678681645,5.72169139300136,6,57216.9139300136,"CK-Fraser_Lower","Amber","Node37","Data Type is RelAbd OR AbsLBM >= 1.5, then Data Type is RelAbd OR AbsUBM >= 1, then Have RelLBM, then RelLBM >= 1, then RelUBM < 1.1",NA,NA,3,NA,"NA"
"CK-03","Chinook","Lower Fraser River_FA_0.3",2015,"Abs_Abd",1.26969486836092,54.492764360314,63,-33.9939,62.1333,NA,0.763075734614827,5.4492764360314,6,54492.764360314,"CK-Fraser_Lower","Amber","Node37","Data Type is RelAbd OR AbsLBM >= 1.5, then Data Type is RelAbd OR AbsUBM >= 1, then Have RelLBM, then RelLBM >= 1, then RelUBM < 1.1",NA,NA,3,NA,"NA"
"CK-03","Chinook","Lower Fraser River_FA_0.3",2016,"Abs_Abd",1.24509593796122,53.4370274654195,63,-27.7329,53.6,NA,0.748291988257149,5.34370274654195,6,53437.0274654195,"CK-Fraser_Lower","Amber","Node37","Data Type is RelAbd OR AbsLBM >= 1.5, then Data Type is RelAbd OR AbsUBM >= 1, then Have RelLBM, then RelLBM >= 1, then RelUBM < 1.1",NA,NA,3,NA,"NA"
"CK-03","Chinook","Lower Fraser River_FA_0.3",2017,"Abs_Abd",1.13496607364965,48.7104739488958,59,-38.6361,68.8333,NA,0.682104883617541,4.87104739488958,6,48710.4739488958,"CK-Fraser_Lower","Amber","Node37","Data Type is RelAbd OR AbsLBM >= 1.5, then Data Type is RelAbd OR AbsUBM >= 1, then Have RelLBM, then RelLBM >= 1, then RelUBM < 1.1",NA,NA,3,NA,"NA"
"CK-03","Chinook","Lower Fraser River_FA_0.3",2018,"Abs_Abd",1.14234195679048,49.027032101534,60,-44.8958,77.5,NA,0.686537726173948,4.9027032101534,6,49027.032101534,"CK-Fraser_Lower","Amber","Node37","Data Type is RelAbd OR AbsLBM >= 1.5, then Data Type is RelAbd OR AbsUBM >= 1, then Have RelLBM, then RelLBM >= 1, then RelUBM < 1.1",NA,NA,3,NA,"NA"
"CK-03","Chinook","Lower Fraser River_FA_0.3",2022,"Abs_Abd",1.14316043540668,49.0621595667839,64,-28.8969,55.3667,NA,0.68702962480793,4.90621595667839,6,49062.1595667839,"CK-Fraser_Lower","Amber","Node37","Data Type is RelAbd OR AbsLBM >= 1.5, then Data Type is RelAbd OR AbsUBM >= 1, then Have RelLBM, then RelLBM >= 1, then RelUBM < 1.1",NA,NA,3,NA,"NA"
"CK-07","Chinook","Maria Slough_SU_0.3",2011,"Rel_Idx",NA,NA,197,225.0014,12.7,NA,NA,NA,2,799.980909555934,"CK-Fraser_Lower","Amber","Node65"," Data Type is RelIdx OR AbsLBM >= 1.5, then Data Type is RelIdx OR AbsUBM >= 1, then Don't have RelLBM, then LongTrend >= 79, then PercChange >= -70, then LongTrend < 233",NA,NA,3,NA,"NA"
"CK-07","Chinook","Maria Slough_SU_0.3",2012,"Rel_Idx",NA,NA,166,128.705,16.6,NA,NA,NA,2,666.195953649199,"CK-Fraser_Lower","Amber","Node65"," Data Type is RelIdx OR AbsLBM >= 1.5, then Data Type is RelIdx OR AbsUBM >= 1, then Don't have RelLBM, then LongTrend >= 79, then PercChange >= -70, then LongTrend < 233",NA,NA,3,NA,"NA"
"CK-07","Chinook","Maria Slough_SU_0.3",2013,"Rel_Idx",NA,NA,177,247.7577,11.4,NA,NA,NA,2,751.247671628281,"CK-Fraser_Lower","Amber","Node65"," Data Type is RelIdx OR AbsLBM >= 1.5, then Data Type is RelIdx OR AbsUBM >= 1, then Don't have RelLBM, then LongTrend >= 79, then PercChange >= -70, then LongTrend < 233",NA,NA,3,NA,"NA"
"CK-07","Chinook","Maria Slough_SU_0.3",2014,"Rel_Idx",NA,NA,155,528.1098,8.0667,NA,NA,NA,2,650.101057773499,"CK-Fraser_Lower","Amber","Node65"," Data Type is RelIdx OR AbsLBM >= 1.5, then Data Type is RelIdx OR AbsUBM >= 1, then Don't have RelLBM, then LongTrend >= 79, then PercChange >= -70, then LongTrend < 233",NA,NA,3,NA,"NA"
"CK-07","Chinook","Maria Slough_SU_0.3",2015,"Rel_Idx",NA,NA,140,NA,NA,NA,NA,NA,1,618.712262993636,"CK-Fraser_Lower","Amber","Node65"," Data Type is RelIdx OR AbsLBM >= 1.5, then Data Type is RelIdx OR AbsUBM >= 1, then Don't have RelLBM, then LongTrend >= 79, then PercChange >= -70, then LongTrend < 233",NA,NA,3,NA,"NA"
"CK-07","Chinook","Maria Slough_SU_0.3",2016,"Rel_Idx",NA,NA,113,-23.1905,48.6,NA,NA,NA,2,465.390579234431,"CK-Fraser_Lower","Amber","Node65"," Data Type is RelIdx OR AbsLBM >= 1.5, then Data Type is RelIdx OR AbsUBM >= 1, then Don't have RelLBM, then LongTrend >= 79, then PercChange >= -70, then LongTrend < 233",NA,NA,3,NA,"NA"
"CK-13","Chinook","South Thompson_SU_0.3",2011,"Rel_Idx",NA,NA,155,232.8178,0.0667,NA,NA,NA,2,90379.6625369777,"CK-Fraser_Thompson","Amber","Node65"," Data Type is RelIdx OR AbsLBM >= 1.5, then Data Type is RelIdx OR AbsUBM >= 1, then Don't have RelLBM, then LongTrend >= 79, then PercChange >= -70, then LongTrend < 233",NA,NA,3,NA,"NA"
"CK-13","Chinook","South Thompson_SU_0.3",2012,"Rel_Idx",NA,NA,135,54.9705,2.7333,NA,NA,NA,2,77494.0899656328,"CK-Fraser_Thompson","Amber","Node65"," Data Type is RelIdx OR AbsLBM >= 1.5, then Data Type is RelIdx OR AbsUBM >= 1, then Don't have RelLBM, then LongTrend >= 79, then PercChange >= -70, then LongTrend < 233",NA,NA,3,NA,"NA"
"CK-13","Chinook","South Thompson_SU_0.3",2013,"Rel_Idx",NA,NA,144,39.9064,4.1333,NA,NA,NA,2,85618.9167338806,"CK-Fraser_Thompson","Amber","Node65"," Data Type is RelIdx OR AbsLBM >= 1.5, then Data Type is RelIdx OR AbsUBM >= 1, then Don't have RelLBM, then LongTrend >= 79, then PercChange >= -70, then LongTrend < 233",NA,NA,3,NA,"NA"
"CK-13","Chinook","South Thompson_SU_0.3",2014,"Rel_Idx",NA,NA,120,5.3548,19.4667,NA,NA,NA,2,70271.4158191311,"CK-Fraser_Thompson","Amber","Node65"," Data Type is RelIdx OR AbsLBM >= 1.5, then Data Type is RelIdx OR AbsUBM >= 1, then Don't have RelLBM, then LongTrend >= 79, then PercChange >= -70, then LongTrend < 233",NA,NA,3,NA,"NA"
"CK-13","Chinook","South Thompson_SU_0.3",2015,"Rel_Idx",NA,NA,121,14.3778,15.6667,NA,NA,NA,2,74195.5274113597,"CK-Fraser_Thompson","Amber","Node65"," Data Type is RelIdx OR AbsLBM >= 1.5, then Data Type is RelIdx OR AbsUBM >= 1, then Don't have RelLBM, then LongTrend >= 79, then PercChange >= -70, then LongTrend < 233",NA,NA,3,NA,"NA"
"CK-13","Chinook","South Thompson_SU_0.3",2016,"Rel_Idx",NA,NA,142,-3.4697,26.3667,NA,NA,NA,2,88876.4877792134,"CK-Fraser_Thompson","Amber","Node65"," Data Type is RelIdx OR AbsLBM >= 1.5, then Data Type is RelIdx OR AbsUBM >= 1, then Don't have RelLBM, then LongTrend >= 79, then PercChange >= -70, then LongTrend < 233",NA,NA,3,NA,"NA"
"CK-13","Chinook","South Thompson_SU_0.3",2017,"Rel_Idx",NA,NA,132,-4.8048,28.3667,NA,NA,NA,2,84109.9761881655,"CK-Fraser_Thompson","Amber","Node65"," Data Type is RelIdx OR AbsLBM >= 1.5, then Data Type is RelIdx OR AbsUBM >= 1, then Don't have RelLBM, then LongTrend >= 79, then PercChange >= -70, then LongTrend < 233",NA,NA,3,NA,"NA"
"CK-13","Chinook","South Thompson_SU_0.3",2018,"Rel_Idx",NA,NA,131,-15.7306,38.6333,NA,NA,NA,2,81357.3594794464,"CK-Fraser_Thompson","Amber","Node65"," Data Type is RelIdx OR AbsLBM >= 1.5, then Data Type is RelIdx OR AbsUBM >= 1, then Don't have RelLBM, then LongTrend >= 79, then PercChange >= -70, then LongTrend < 233",NA,NA,3,NA,"NA"
"CK-13","Chinook","South Thompson_SU_0.3",2019,"Rel_Idx",NA,NA,128,5.766,23.4667,NA,NA,NA,2,82687.0012641817,"CK-Fraser_Thompson","Amber","Node65"," Data Type is RelIdx OR AbsLBM >= 1.5, then Data Type is RelIdx OR AbsUBM >= 1, then Don't have RelLBM, then LongTrend >= 79, then PercChange >= -70, then LongTrend < 233",NA,NA,3,NA,"NA"
"CK-13","Chinook","South Thompson_SU_0.3",2020,"Rel_Idx",NA,NA,135,40.6284,10.7667,NA,NA,NA,2,89795.650633624,"CK-Fraser_Thompson","Amber","Node65"," Data Type is RelIdx OR AbsLBM >= 1.5, then Data Type is RelIdx OR AbsUBM >= 1, then Don't have RelLBM, then LongTrend >= 79, then PercChange >= -70, then LongTrend < 233",NA,NA,3,NA,"NA"
"CK-13","Chinook","South Thompson_SU_0.3",2021,"Rel_Idx",NA,NA,156,63.0904,7.4333,NA,NA,NA,2,107513.069661769,"CK-Fraser_Thompson","Amber","Node65"," Data Type is RelIdx OR AbsLBM >= 1.5, then Data Type is RelIdx OR AbsUBM >= 1, then Don't have RelLBM, then LongTrend >= 79, then PercChange >= -70, then LongTrend < 233",NA,NA,3,NA,"NA"
"CK-13","Chinook","South Thompson_SU_0.3",2022,"Rel_Idx",NA,NA,205,85.9294,4.1333,NA,NA,NA,2,145037.249823669,"CK-Fraser_Thompson","Amber","Node65"," Data Type is RelIdx OR AbsLBM >= 1.5, then Data Type is RelIdx OR AbsUBM >= 1, then Don't have RelLBM, then LongTrend >= 79, then PercChange >= -70, then LongTrend < 233",NA,NA,3,NA,"NA"
