"","Year","Pop_Name","Species","CU_ID","CU_Name","POPID","SpnForAbd_Wild","SpnForTrend_Wild","SpnForAbd_Total","SpnForTrend_Total","Pop_ID","DU_ID","Recruits_Total","Recruits_Wild"
"1",2002,"Stave River","Chum","CM-02","Lower Fraser Chum",48008,NA,NA,475000,475000,48008,NA,NA,NA
"2",2002,"Barnes Creek","Chum","CM-02","Lower Fraser Chum",7473,NA,NA,86,86,7473,NA,NA,NA
"3",2002,"Blaney Creek","Chum","CM-02","Lower Fraser Chum",47935,NA,NA,675,675,47935,NA,NA,NA
"4",2002,"Chilqua Slough & Creek","Chum","CM-02","Lower Fraser Chum",48025,NA,NA,2539,2539,48025,NA,NA,NA
"5",2002,"Coghlan Creek","Chum","CM-02","Lower Fraser Chum",47980,NA,NA,156,156,47980,NA,NA,NA
"6",2002,"Hicks Creek","Chum","CM-02","Lower Fraser Chum",47098,NA,NA,500,500,47098,NA,NA,NA
"7",2002,"Hopedale Creek","Chum","CM-02","Lower Fraser Chum",44645,NA,NA,2616,2616,44645,NA,NA,NA
"8",2002,"Kanaka Creek","Chum","CM-02","Lower Fraser Chum",47963,NA,NA,15630,15630,47963,NA,NA,NA
"9",2002,"MacIntyre Creek","Chum","CM-02","Lower Fraser Chum",47950,NA,NA,215,215,47950,NA,NA,NA
"10",2002,"Nathan Creek","Chum","CM-02","Lower Fraser Chum",47992,NA,NA,212,212,47992,NA,NA,NA
"11",2002,"Norrish  Suicide  Creek","Chum","CM-02","Lower Fraser Chum",47557,NA,NA,7804,7804,47557,NA,NA,NA
"12",2002,"North Alouette River","Chum","CM-02","Lower Fraser Chum",47928,NA,NA,NA,NA,47928,NA,NA,NA
"13",2002,"Peach Creek","Chum","CM-02","Lower Fraser Chum",47015,NA,NA,NA,NA,47015,NA,NA,NA
"14",2002,"Post Creek","Chum","CM-02","Lower Fraser Chum",47062,NA,NA,NA,NA,47062,NA,NA,NA
"15",2002,"Salmon River","Chum","CM-02","Lower Fraser Chum",47970,NA,NA,150,150,47970,NA,NA,NA
"16",2002,"Siddall Creek","Chum","CM-02","Lower Fraser Chum",46978,NA,NA,17,17,46978,NA,NA,NA
"17",2002,"Silverdale Creek","Chum","CM-02","Lower Fraser Chum",48012,NA,NA,6433,6433,48012,NA,NA,NA
"18",2002,"Squawkum Creek","Chum","CM-02","Lower Fraser Chum",46037,NA,NA,12454,12454,46037,NA,NA,NA
"19",2002,"Street Creek","Chum","CM-02","Lower Fraser Chum",47000,NA,NA,2682,2682,47000,NA,NA,NA
"20",2002,"Sweltzer Creek","Chum","CM-02","Lower Fraser Chum",47018,NA,NA,NA,NA,47018,NA,NA,NA
"21",2002,"Wahleach Creek","Chum","CM-02","Lower Fraser Chum",47102,NA,NA,NA,NA,47102,NA,NA,NA
"22",2002,"Whonnock Creek","Chum","CM-02","Lower Fraser Chum",48002,NA,NA,NA,NA,48002,NA,NA,NA
"23",2002,"Widgeon Creek","Chum","CM-02","Lower Fraser Chum",47957,NA,NA,NA,NA,47957,NA,NA,NA
"24",2002,"Worth Creek","Chum","CM-02","Lower Fraser Chum",46969,NA,NA,1470,1470,46969,NA,NA,NA
"25",2002,"Harrison River","Chum","CM-02","Lower Fraser Chum",46033,NA,NA,1485401,1485401,46033,NA,NA,NA
"26",2003,"Stave River","Chum","CM-02","Lower Fraser Chum",48008,NA,NA,2e+05,2e+05,48008,NA,NA,NA
"27",2003,"Barnes Creek","Chum","CM-02","Lower Fraser Chum",7473,NA,NA,NA,NA,7473,NA,NA,NA
"28",2003,"Blaney Creek","Chum","CM-02","Lower Fraser Chum",47935,NA,NA,NA,NA,47935,NA,NA,NA
"29",2003,"Chilqua Slough & Creek","Chum","CM-02","Lower Fraser Chum",48025,NA,NA,NA,NA,48025,NA,NA,NA
"30",2003,"Coghlan Creek","Chum","CM-02","Lower Fraser Chum",47980,NA,NA,NA,NA,47980,NA,NA,NA
"31",2003,"Hicks Creek","Chum","CM-02","Lower Fraser Chum",47098,NA,NA,NA,NA,47098,NA,NA,NA
"32",2003,"Hopedale Creek","Chum","CM-02","Lower Fraser Chum",44645,NA,NA,NA,NA,44645,NA,NA,NA
"33",2003,"Kanaka Creek","Chum","CM-02","Lower Fraser Chum",47963,NA,NA,NA,NA,47963,NA,NA,NA
"34",2003,"MacIntyre Creek","Chum","CM-02","Lower Fraser Chum",47950,NA,NA,NA,NA,47950,NA,NA,NA
"35",2003,"Nathan Creek","Chum","CM-02","Lower Fraser Chum",47992,NA,NA,NA,NA,47992,NA,NA,NA
"36",2003,"Norrish  Suicide  Creek","Chum","CM-02","Lower Fraser Chum",47557,NA,NA,NA,NA,47557,NA,NA,NA
"37",2003,"North Alouette River","Chum","CM-02","Lower Fraser Chum",47928,NA,NA,NA,NA,47928,NA,NA,NA
"38",2003,"Peach Creek","Chum","CM-02","Lower Fraser Chum",47015,NA,NA,NA,NA,47015,NA,NA,NA
"39",2003,"Post Creek","Chum","CM-02","Lower Fraser Chum",47062,NA,NA,NA,NA,47062,NA,NA,NA
"40",2003,"Salmon River","Chum","CM-02","Lower Fraser Chum",47970,NA,NA,NA,NA,47970,NA,NA,NA
"41",2003,"Siddall Creek","Chum","CM-02","Lower Fraser Chum",46978,NA,NA,NA,NA,46978,NA,NA,NA
"42",2003,"Silverdale Creek","Chum","CM-02","Lower Fraser Chum",48012,NA,NA,NA,NA,48012,NA,NA,NA
"43",2003,"Squawkum Creek","Chum","CM-02","Lower Fraser Chum",46037,NA,NA,NA,NA,46037,NA,NA,NA
"44",2003,"Street Creek","Chum","CM-02","Lower Fraser Chum",47000,NA,NA,NA,NA,47000,NA,NA,NA
"45",2003,"Sweltzer Creek","Chum","CM-02","Lower Fraser Chum",47018,NA,NA,NA,NA,47018,NA,NA,NA
"46",2003,"Wahleach Creek","Chum","CM-02","Lower Fraser Chum",47102,NA,NA,NA,NA,47102,NA,NA,NA
"47",2003,"Whonnock Creek","Chum","CM-02","Lower Fraser Chum",48002,NA,NA,NA,NA,48002,NA,NA,NA
"48",2003,"Widgeon Creek","Chum","CM-02","Lower Fraser Chum",47957,NA,NA,NA,NA,47957,NA,NA,NA
"49",2003,"Worth Creek","Chum","CM-02","Lower Fraser Chum",46969,NA,NA,NA,NA,46969,NA,NA,NA
"50",2003,"Harrison River","Chum","CM-02","Lower Fraser Chum",46033,NA,NA,1118122,1118122,46033,NA,NA,NA
"51",2004,"Stave River","Chum","CM-02","Lower Fraser Chum",48008,NA,NA,440000,440000,48008,NA,NA,NA
"52",2004,"Barnes Creek","Chum","CM-02","Lower Fraser Chum",7473,NA,NA,121,121,7473,NA,NA,NA
"53",2004,"Blaney Creek","Chum","CM-02","Lower Fraser Chum",47935,NA,NA,5603,5603,47935,NA,NA,NA
"54",2004,"Chilqua Slough & Creek","Chum","CM-02","Lower Fraser Chum",48025,NA,NA,2553,2553,48025,NA,NA,NA
"55",2004,"Coghlan Creek","Chum","CM-02","Lower Fraser Chum",47980,NA,NA,306,306,47980,NA,NA,NA
"56",2004,"Hicks Creek","Chum","CM-02","Lower Fraser Chum",47098,NA,NA,927,927,47098,NA,NA,NA
"57",2004,"Hopedale Creek","Chum","CM-02","Lower Fraser Chum",44645,NA,NA,2496,2496,44645,NA,NA,NA
"58",2004,"Kanaka Creek","Chum","CM-02","Lower Fraser Chum",47963,NA,NA,17310,17310,47963,NA,NA,NA
"59",2004,"MacIntyre Creek","Chum","CM-02","Lower Fraser Chum",47950,NA,NA,2281,2281,47950,NA,NA,NA
"60",2004,"Nathan Creek","Chum","CM-02","Lower Fraser Chum",47992,NA,NA,81,81,47992,NA,NA,NA
"61",2004,"Norrish  Suicide  Creek","Chum","CM-02","Lower Fraser Chum",47557,NA,NA,NA,NA,47557,NA,NA,NA
"62",2004,"North Alouette River","Chum","CM-02","Lower Fraser Chum",47928,NA,NA,4000,4000,47928,NA,NA,NA
"63",2004,"Peach Creek","Chum","CM-02","Lower Fraser Chum",47015,NA,NA,11465,11465,47015,NA,NA,NA
"64",2004,"Post Creek","Chum","CM-02","Lower Fraser Chum",47062,NA,NA,NA,NA,47062,NA,NA,NA
"65",2004,"Salmon River","Chum","CM-02","Lower Fraser Chum",47970,NA,NA,222,222,47970,NA,NA,NA
"66",2004,"Siddall Creek","Chum","CM-02","Lower Fraser Chum",46978,NA,NA,NA,NA,46978,NA,NA,NA
"67",2004,"Silverdale Creek","Chum","CM-02","Lower Fraser Chum",48012,NA,NA,13969,13969,48012,NA,NA,NA
"68",2004,"Squawkum Creek","Chum","CM-02","Lower Fraser Chum",46037,NA,NA,22762,22762,46037,NA,NA,NA
"69",2004,"Street Creek","Chum","CM-02","Lower Fraser Chum",47000,NA,NA,2720,2720,47000,NA,NA,NA
"70",2004,"Sweltzer Creek","Chum","CM-02","Lower Fraser Chum",47018,NA,NA,NA,NA,47018,NA,NA,NA
"71",2004,"Wahleach Creek","Chum","CM-02","Lower Fraser Chum",47102,NA,NA,NA,NA,47102,NA,NA,NA
"72",2004,"Whonnock Creek","Chum","CM-02","Lower Fraser Chum",48002,NA,NA,NA,NA,48002,NA,NA,NA
"73",2004,"Widgeon Creek","Chum","CM-02","Lower Fraser Chum",47957,NA,NA,8204,8204,47957,NA,NA,NA
"74",2004,"Worth Creek","Chum","CM-02","Lower Fraser Chum",46969,NA,NA,1292,1292,46969,NA,NA,NA
"75",2004,"Harrison River","Chum","CM-02","Lower Fraser Chum",46033,NA,NA,1812864,1812864,46033,NA,NA,NA
"76",2005,"Stave River","Chum","CM-02","Lower Fraser Chum",48008,NA,NA,3e+05,3e+05,48008,NA,NA,NA
"77",2005,"Barnes Creek","Chum","CM-02","Lower Fraser Chum",7473,NA,NA,67,67,7473,NA,NA,NA
"78",2005,"Blaney Creek","Chum","CM-02","Lower Fraser Chum",47935,NA,NA,NA,NA,47935,NA,NA,NA
"79",2005,"Chilqua Slough & Creek","Chum","CM-02","Lower Fraser Chum",48025,NA,NA,792,792,48025,NA,NA,NA
"80",2005,"Coghlan Creek","Chum","CM-02","Lower Fraser Chum",47980,NA,NA,185,185,47980,NA,NA,NA
"81",2005,"Hicks Creek","Chum","CM-02","Lower Fraser Chum",47098,NA,NA,523,523,47098,NA,NA,NA
"82",2005,"Hopedale Creek","Chum","CM-02","Lower Fraser Chum",44645,NA,NA,1139,1139,44645,NA,NA,NA
"83",2005,"Kanaka Creek","Chum","CM-02","Lower Fraser Chum",47963,NA,NA,3896,3896,47963,NA,NA,NA
"84",2005,"MacIntyre Creek","Chum","CM-02","Lower Fraser Chum",47950,NA,NA,NA,NA,47950,NA,NA,NA
"85",2005,"Nathan Creek","Chum","CM-02","Lower Fraser Chum",47992,NA,NA,102,102,47992,NA,NA,NA
"86",2005,"Norrish  Suicide  Creek","Chum","CM-02","Lower Fraser Chum",47557,NA,NA,NA,NA,47557,NA,NA,NA
"87",2005,"North Alouette River","Chum","CM-02","Lower Fraser Chum",47928,NA,NA,NA,NA,47928,NA,NA,NA
"88",2005,"Peach Creek","Chum","CM-02","Lower Fraser Chum",47015,NA,NA,7618,7618,47015,NA,NA,NA
"89",2005,"Post Creek","Chum","CM-02","Lower Fraser Chum",47062,NA,NA,NA,NA,47062,NA,NA,NA
"90",2005,"Salmon River","Chum","CM-02","Lower Fraser Chum",47970,NA,NA,NA,NA,47970,NA,NA,NA
"91",2005,"Siddall Creek","Chum","CM-02","Lower Fraser Chum",46978,NA,NA,NA,NA,46978,NA,NA,NA
"92",2005,"Silverdale Creek","Chum","CM-02","Lower Fraser Chum",48012,NA,NA,3789,3789,48012,NA,NA,NA
"93",2005,"Squawkum Creek","Chum","CM-02","Lower Fraser Chum",46037,NA,NA,17684,17684,46037,NA,NA,NA
"94",2005,"Street Creek","Chum","CM-02","Lower Fraser Chum",47000,NA,NA,NA,NA,47000,NA,NA,NA
"95",2005,"Sweltzer Creek","Chum","CM-02","Lower Fraser Chum",47018,NA,NA,NA,NA,47018,NA,NA,NA
"96",2005,"Wahleach Creek","Chum","CM-02","Lower Fraser Chum",47102,NA,NA,NA,NA,47102,NA,NA,NA
"97",2005,"Whonnock Creek","Chum","CM-02","Lower Fraser Chum",48002,NA,NA,21,21,48002,NA,NA,NA
"98",2005,"Widgeon Creek","Chum","CM-02","Lower Fraser Chum",47957,NA,NA,NA,NA,47957,NA,NA,NA
"99",2005,"Worth Creek","Chum","CM-02","Lower Fraser Chum",46969,NA,NA,487,487,46969,NA,NA,NA
"100",2005,"Harrison River","Chum","CM-02","Lower Fraser Chum",46033,NA,NA,765810,765810,46033,NA,NA,NA
"101",2006,"Stave River","Chum","CM-02","Lower Fraser Chum",48008,NA,NA,320000,320000,48008,NA,NA,NA
"102",2006,"Barnes Creek","Chum","CM-02","Lower Fraser Chum",7473,NA,NA,157,157,7473,NA,NA,NA
"103",2006,"Blaney Creek","Chum","CM-02","Lower Fraser Chum",47935,NA,NA,NA,NA,47935,NA,NA,NA
"104",2006,"Chilqua Slough & Creek","Chum","CM-02","Lower Fraser Chum",48025,NA,NA,813,813,48025,NA,NA,NA
"105",2006,"Coghlan Creek","Chum","CM-02","Lower Fraser Chum",47980,NA,NA,517,517,47980,NA,NA,NA
"106",2006,"Hicks Creek","Chum","CM-02","Lower Fraser Chum",47098,NA,NA,570,570,47098,NA,NA,NA
"107",2006,"Hopedale Creek","Chum","CM-02","Lower Fraser Chum",44645,NA,NA,1137,1137,44645,NA,NA,NA
"108",2006,"Kanaka Creek","Chum","CM-02","Lower Fraser Chum",47963,NA,NA,11771,11771,47963,NA,NA,NA
"109",2006,"MacIntyre Creek","Chum","CM-02","Lower Fraser Chum",47950,NA,NA,NA,NA,47950,NA,NA,NA
"110",2006,"Nathan Creek","Chum","CM-02","Lower Fraser Chum",47992,NA,NA,148,148,47992,NA,NA,NA
"111",2006,"Norrish  Suicide  Creek","Chum","CM-02","Lower Fraser Chum",47557,NA,NA,NA,NA,47557,NA,NA,NA
"112",2006,"North Alouette River","Chum","CM-02","Lower Fraser Chum",47928,NA,NA,NA,NA,47928,NA,NA,NA
"113",2006,"Peach Creek","Chum","CM-02","Lower Fraser Chum",47015,NA,NA,3682,3682,47015,NA,NA,NA
"114",2006,"Post Creek","Chum","CM-02","Lower Fraser Chum",47062,NA,NA,NA,NA,47062,NA,NA,NA
"115",2006,"Salmon River","Chum","CM-02","Lower Fraser Chum",47970,NA,NA,NA,NA,47970,NA,NA,NA
"116",2006,"Siddall Creek","Chum","CM-02","Lower Fraser Chum",46978,NA,NA,16,16,46978,NA,NA,NA
"117",2006,"Silverdale Creek","Chum","CM-02","Lower Fraser Chum",48012,NA,NA,1635,1635,48012,NA,NA,NA
"118",2006,"Squawkum Creek","Chum","CM-02","Lower Fraser Chum",46037,NA,NA,22832,22832,46037,NA,NA,NA
"119",2006,"Street Creek","Chum","CM-02","Lower Fraser Chum",47000,NA,NA,NA,NA,47000,NA,NA,NA
"120",2006,"Sweltzer Creek","Chum","CM-02","Lower Fraser Chum",47018,NA,NA,NA,NA,47018,NA,NA,NA
"121",2006,"Wahleach Creek","Chum","CM-02","Lower Fraser Chum",47102,NA,NA,NA,NA,47102,NA,NA,NA
"122",2006,"Whonnock Creek","Chum","CM-02","Lower Fraser Chum",48002,NA,NA,NA,NA,48002,NA,NA,NA
"123",2006,"Widgeon Creek","Chum","CM-02","Lower Fraser Chum",47957,NA,NA,NA,NA,47957,NA,NA,NA
"124",2006,"Worth Creek","Chum","CM-02","Lower Fraser Chum",46969,NA,NA,449,449,46969,NA,NA,NA
"125",2006,"Harrison River","Chum","CM-02","Lower Fraser Chum",46033,NA,NA,1351476,1351476,46033,NA,NA,NA
"126",2007,"Stave River","Chum","CM-02","Lower Fraser Chum",48008,NA,NA,235000,235000,48008,NA,NA,NA
"127",2007,"Barnes Creek","Chum","CM-02","Lower Fraser Chum",7473,NA,NA,1,1,7473,NA,NA,NA
"128",2007,"Blaney Creek","Chum","CM-02","Lower Fraser Chum",47935,NA,NA,NA,NA,47935,NA,NA,NA
"129",2007,"Chilqua Slough & Creek","Chum","CM-02","Lower Fraser Chum",48025,NA,NA,143,143,48025,NA,NA,NA
"130",2007,"Coghlan Creek","Chum","CM-02","Lower Fraser Chum",47980,NA,NA,14,14,47980,NA,NA,NA
"131",2007,"Hicks Creek","Chum","CM-02","Lower Fraser Chum",47098,NA,NA,186,186,47098,NA,NA,NA
"132",2007,"Hopedale Creek","Chum","CM-02","Lower Fraser Chum",44645,NA,NA,759,759,44645,NA,NA,NA
"133",2007,"Kanaka Creek","Chum","CM-02","Lower Fraser Chum",47963,NA,NA,1927,1927,47963,NA,NA,NA
"134",2007,"MacIntyre Creek","Chum","CM-02","Lower Fraser Chum",47950,NA,NA,NA,NA,47950,NA,NA,NA
"135",2007,"Nathan Creek","Chum","CM-02","Lower Fraser Chum",47992,NA,NA,NA,NA,47992,NA,NA,NA
"136",2007,"Norrish  Suicide  Creek","Chum","CM-02","Lower Fraser Chum",47557,NA,NA,NA,NA,47557,NA,NA,NA
"137",2007,"North Alouette River","Chum","CM-02","Lower Fraser Chum",47928,NA,NA,NA,NA,47928,NA,NA,NA
"138",2007,"Peach Creek","Chum","CM-02","Lower Fraser Chum",47015,NA,NA,2928,2928,47015,NA,NA,NA
"139",2007,"Post Creek","Chum","CM-02","Lower Fraser Chum",47062,NA,NA,NA,NA,47062,NA,NA,NA
"140",2007,"Salmon River","Chum","CM-02","Lower Fraser Chum",47970,NA,NA,NA,NA,47970,NA,NA,NA
"141",2007,"Siddall Creek","Chum","CM-02","Lower Fraser Chum",46978,NA,NA,NA,NA,46978,NA,NA,NA
"142",2007,"Silverdale Creek","Chum","CM-02","Lower Fraser Chum",48012,NA,NA,1685,1685,48012,NA,NA,NA
"143",2007,"Squawkum Creek","Chum","CM-02","Lower Fraser Chum",46037,NA,NA,15430,15430,46037,NA,NA,NA
"144",2007,"Street Creek","Chum","CM-02","Lower Fraser Chum",47000,NA,NA,NA,NA,47000,NA,NA,NA
"145",2007,"Sweltzer Creek","Chum","CM-02","Lower Fraser Chum",47018,NA,NA,NA,NA,47018,NA,NA,NA
"146",2007,"Wahleach Creek","Chum","CM-02","Lower Fraser Chum",47102,NA,NA,NA,NA,47102,NA,NA,NA
"147",2007,"Whonnock Creek","Chum","CM-02","Lower Fraser Chum",48002,NA,NA,NA,NA,48002,NA,NA,NA
"148",2007,"Widgeon Creek","Chum","CM-02","Lower Fraser Chum",47957,NA,NA,NA,NA,47957,NA,NA,NA
"149",2007,"Worth Creek","Chum","CM-02","Lower Fraser Chum",46969,NA,NA,134,134,46969,NA,NA,NA
"150",2007,"Harrison River","Chum","CM-02","Lower Fraser Chum",46033,NA,NA,661805,661805,46033,NA,NA,NA
"151",2008,"Stave River","Chum","CM-02","Lower Fraser Chum",48008,NA,NA,190000,190000,48008,NA,NA,NA
"152",2008,"Barnes Creek","Chum","CM-02","Lower Fraser Chum",7473,NA,NA,90.80263158,90.80263158,7473,NA,NA,NA
"153",2008,"Blaney Creek","Chum","CM-02","Lower Fraser Chum",47935,NA,NA,5387.116987,5387.116987,47935,NA,NA,NA
"154",2008,"Chilqua Slough & Creek","Chum","CM-02","Lower Fraser Chum",48025,NA,NA,50.60979135,50.60979135,48025,NA,NA,NA
"155",2008,"Coghlan Creek","Chum","CM-02","Lower Fraser Chum",47980,NA,NA,95.58406367,95.58406367,47980,NA,NA,NA
"156",2008,"Hicks Creek","Chum","CM-02","Lower Fraser Chum",47098,NA,NA,1334.714998,1334.714998,47098,NA,NA,NA
"157",2008,"Hopedale Creek","Chum","CM-02","Lower Fraser Chum",44645,NA,NA,1210.803493,1210.803493,44645,NA,NA,NA
"158",2008,"Kanaka Creek","Chum","CM-02","Lower Fraser Chum",47963,NA,NA,7708.654109,7708.654109,47963,NA,NA,NA
"159",2008,"MacIntyre Creek","Chum","CM-02","Lower Fraser Chum",47950,NA,NA,NA,NA,47950,NA,NA,NA
"160",2008,"Nathan Creek","Chum","CM-02","Lower Fraser Chum",47992,NA,NA,77.79411765,77.79411765,47992,NA,NA,NA
"161",2008,"Norrish  Suicide  Creek","Chum","CM-02","Lower Fraser Chum",47557,NA,NA,NA,NA,47557,NA,NA,NA
"162",2008,"North Alouette River","Chum","CM-02","Lower Fraser Chum",47928,NA,NA,NA,NA,47928,NA,NA,NA
"163",2008,"Peach Creek","Chum","CM-02","Lower Fraser Chum",47015,NA,NA,3643.097502,3643.097502,47015,NA,NA,NA
"164",2008,"Post Creek","Chum","CM-02","Lower Fraser Chum",47062,NA,NA,0,0,47062,NA,NA,NA
"165",2008,"Salmon River","Chum","CM-02","Lower Fraser Chum",47970,NA,NA,NA,NA,47970,NA,NA,NA
"166",2008,"Siddall Creek","Chum","CM-02","Lower Fraser Chum",46978,NA,NA,NA,NA,46978,NA,NA,NA
"167",2008,"Silverdale Creek","Chum","CM-02","Lower Fraser Chum",48012,NA,NA,1458.774814,1458.774814,48012,NA,NA,NA
"168",2008,"Squawkum Creek","Chum","CM-02","Lower Fraser Chum",46037,NA,NA,21253.15805,21253.15805,46037,NA,NA,NA
"169",2008,"Street Creek","Chum","CM-02","Lower Fraser Chum",47000,NA,NA,NA,NA,47000,NA,NA,NA
"170",2008,"Sweltzer Creek","Chum","CM-02","Lower Fraser Chum",47018,NA,NA,4890.219118,4890.219118,47018,NA,NA,NA
"171",2008,"Wahleach Creek","Chum","CM-02","Lower Fraser Chum",47102,NA,NA,NA,NA,47102,NA,NA,NA
"172",2008,"Whonnock Creek","Chum","CM-02","Lower Fraser Chum",48002,NA,NA,NA,NA,48002,NA,NA,NA
"173",2008,"Widgeon Creek","Chum","CM-02","Lower Fraser Chum",47957,NA,NA,NA,NA,47957,NA,NA,NA
"174",2008,"Worth Creek","Chum","CM-02","Lower Fraser Chum",46969,NA,NA,669.9575163,669.9575163,46969,NA,NA,NA
"175",2008,"Harrison River","Chum","CM-02","Lower Fraser Chum",46033,NA,NA,612986.84195,612986.84195,46033,NA,NA,NA
"176",2009,"Stave River","Chum","CM-02","Lower Fraser Chum",48008,NA,NA,150000,150000,48008,NA,NA,NA
"177",2009,"Barnes Creek","Chum","CM-02","Lower Fraser Chum",7473,NA,NA,44,44,7473,NA,NA,NA
"178",2009,"Blaney Creek","Chum","CM-02","Lower Fraser Chum",47935,NA,NA,4753,4753,47935,NA,NA,NA
"179",2009,"Chilqua Slough & Creek","Chum","CM-02","Lower Fraser Chum",48025,NA,NA,0,0,48025,NA,NA,NA
"180",2009,"Coghlan Creek","Chum","CM-02","Lower Fraser Chum",47980,NA,NA,NA,NA,47980,NA,NA,NA
"181",2009,"Hicks Creek","Chum","CM-02","Lower Fraser Chum",47098,NA,NA,628,628,47098,NA,NA,NA
"182",2009,"Hopedale Creek","Chum","CM-02","Lower Fraser Chum",44645,NA,NA,877,877,44645,NA,NA,NA
"183",2009,"Kanaka Creek","Chum","CM-02","Lower Fraser Chum",47963,NA,NA,4424,4424,47963,NA,NA,NA
"184",2009,"MacIntyre Creek","Chum","CM-02","Lower Fraser Chum",47950,NA,NA,464,464,47950,NA,NA,NA
"185",2009,"Nathan Creek","Chum","CM-02","Lower Fraser Chum",47992,NA,NA,NA,NA,47992,NA,NA,NA
"186",2009,"Norrish  Suicide  Creek","Chum","CM-02","Lower Fraser Chum",47557,NA,NA,NA,NA,47557,NA,NA,NA
"187",2009,"North Alouette River","Chum","CM-02","Lower Fraser Chum",47928,NA,NA,NA,NA,47928,NA,NA,NA
"188",2009,"Peach Creek","Chum","CM-02","Lower Fraser Chum",47015,NA,NA,1673,1673,47015,NA,NA,NA
"189",2009,"Post Creek","Chum","CM-02","Lower Fraser Chum",47062,NA,NA,0,0,47062,NA,NA,NA
"190",2009,"Salmon River","Chum","CM-02","Lower Fraser Chum",47970,NA,NA,NA,NA,47970,NA,NA,NA
"191",2009,"Siddall Creek","Chum","CM-02","Lower Fraser Chum",46978,NA,NA,NA,NA,46978,NA,NA,NA
"192",2009,"Silverdale Creek","Chum","CM-02","Lower Fraser Chum",48012,NA,NA,1312,1312,48012,NA,NA,NA
"193",2009,"Squawkum Creek","Chum","CM-02","Lower Fraser Chum",46037,NA,NA,11283,11283,46037,NA,NA,NA
"194",2009,"Street Creek","Chum","CM-02","Lower Fraser Chum",47000,NA,NA,287,287,47000,NA,NA,NA
"195",2009,"Sweltzer Creek","Chum","CM-02","Lower Fraser Chum",47018,NA,NA,NA,NA,47018,NA,NA,NA
"196",2009,"Wahleach Creek","Chum","CM-02","Lower Fraser Chum",47102,NA,NA,NA,NA,47102,NA,NA,NA
"197",2009,"Whonnock Creek","Chum","CM-02","Lower Fraser Chum",48002,NA,NA,NA,NA,48002,NA,NA,NA
"198",2009,"Widgeon Creek","Chum","CM-02","Lower Fraser Chum",47957,NA,NA,2950,2950,47957,NA,NA,NA
"199",2009,"Worth Creek","Chum","CM-02","Lower Fraser Chum",46969,NA,NA,148,148,46969,NA,NA,NA
"200",2009,"Harrison River","Chum","CM-02","Lower Fraser Chum",46033,NA,NA,222097,222097,46033,NA,NA,NA
"201",2010,"Stave River","Chum","CM-02","Lower Fraser Chum",48008,NA,NA,80000,80000,48008,NA,NA,NA
"202",2010,"Barnes Creek","Chum","CM-02","Lower Fraser Chum",7473,NA,NA,1,1,7473,NA,NA,NA
"203",2010,"Blaney Creek","Chum","CM-02","Lower Fraser Chum",47935,NA,NA,237,237,47935,NA,NA,NA
"204",2010,"Chilqua Slough & Creek","Chum","CM-02","Lower Fraser Chum",48025,NA,NA,NA,NA,48025,NA,NA,NA
"205",2010,"Coghlan Creek","Chum","CM-02","Lower Fraser Chum",47980,NA,NA,NA,NA,47980,NA,NA,NA
"206",2010,"Hicks Creek","Chum","CM-02","Lower Fraser Chum",47098,NA,NA,412,412,47098,NA,NA,NA
"207",2010,"Hopedale Creek","Chum","CM-02","Lower Fraser Chum",44645,NA,NA,709,709,44645,NA,NA,NA
"208",2010,"Kanaka Creek","Chum","CM-02","Lower Fraser Chum",47963,NA,NA,486,486,47963,NA,NA,NA
"209",2010,"MacIntyre Creek","Chum","CM-02","Lower Fraser Chum",47950,NA,NA,41,41,47950,NA,NA,NA
"210",2010,"Nathan Creek","Chum","CM-02","Lower Fraser Chum",47992,NA,NA,NA,NA,47992,NA,NA,NA
"211",2010,"Norrish  Suicide  Creek","Chum","CM-02","Lower Fraser Chum",47557,NA,NA,NA,NA,47557,NA,NA,NA
"212",2010,"North Alouette River","Chum","CM-02","Lower Fraser Chum",47928,NA,NA,NA,NA,47928,NA,NA,NA
"213",2010,"Peach Creek","Chum","CM-02","Lower Fraser Chum",47015,NA,NA,1458,1458,47015,NA,NA,NA
"214",2010,"Post Creek","Chum","CM-02","Lower Fraser Chum",47062,NA,NA,NA,NA,47062,NA,NA,NA
"215",2010,"Salmon River","Chum","CM-02","Lower Fraser Chum",47970,NA,NA,NA,NA,47970,NA,NA,NA
"216",2010,"Siddall Creek","Chum","CM-02","Lower Fraser Chum",46978,NA,NA,NA,NA,46978,NA,NA,NA
"217",2010,"Silverdale Creek","Chum","CM-02","Lower Fraser Chum",48012,NA,NA,208,208,48012,NA,NA,NA
"218",2010,"Squawkum Creek","Chum","CM-02","Lower Fraser Chum",46037,NA,NA,9274,9274,46037,NA,NA,NA
"219",2010,"Street Creek","Chum","CM-02","Lower Fraser Chum",47000,NA,NA,210,210,47000,NA,NA,NA
"220",2010,"Sweltzer Creek","Chum","CM-02","Lower Fraser Chum",47018,NA,NA,NA,NA,47018,NA,NA,NA
"221",2010,"Wahleach Creek","Chum","CM-02","Lower Fraser Chum",47102,NA,NA,0,0,47102,NA,NA,NA
"222",2010,"Whonnock Creek","Chum","CM-02","Lower Fraser Chum",48002,NA,NA,0,0,48002,NA,NA,NA
"223",2010,"Widgeon Creek","Chum","CM-02","Lower Fraser Chum",47957,NA,NA,1216,1216,47957,NA,NA,NA
"224",2010,"Worth Creek","Chum","CM-02","Lower Fraser Chum",46969,NA,NA,273,273,46969,NA,NA,NA
"225",2010,"Harrison River","Chum","CM-02","Lower Fraser Chum",46033,NA,NA,423680,423680,46033,NA,NA,NA
"226",2011,"Stave River","Chum","CM-02","Lower Fraser Chum",48008,NA,NA,225000,225000,48008,NA,NA,NA
"227",2011,"Barnes Creek","Chum","CM-02","Lower Fraser Chum",7473,NA,NA,12,12,7473,NA,NA,NA
"228",2011,"Blaney Creek","Chum","CM-02","Lower Fraser Chum",47935,NA,NA,1562,1562,47935,NA,NA,NA
"229",2011,"Chilqua Slough & Creek","Chum","CM-02","Lower Fraser Chum",48025,NA,NA,0,0,48025,NA,NA,NA
"230",2011,"Coghlan Creek","Chum","CM-02","Lower Fraser Chum",47980,NA,NA,NA,NA,47980,NA,NA,NA
"231",2011,"Hicks Creek","Chum","CM-02","Lower Fraser Chum",47098,NA,NA,52,52,47098,NA,NA,NA
"232",2011,"Hopedale Creek","Chum","CM-02","Lower Fraser Chum",44645,NA,NA,1134,1134,44645,NA,NA,NA
"233",2011,"Kanaka Creek","Chum","CM-02","Lower Fraser Chum",47963,NA,NA,2381,2381,47963,NA,NA,NA
"234",2011,"MacIntyre Creek","Chum","CM-02","Lower Fraser Chum",47950,NA,NA,1560,1560,47950,NA,NA,NA
"235",2011,"Nathan Creek","Chum","CM-02","Lower Fraser Chum",47992,NA,NA,NA,NA,47992,NA,NA,NA
"236",2011,"Norrish  Suicide  Creek","Chum","CM-02","Lower Fraser Chum",47557,NA,NA,NA,NA,47557,NA,NA,NA
"237",2011,"North Alouette River","Chum","CM-02","Lower Fraser Chum",47928,NA,NA,NA,NA,47928,NA,NA,NA
"238",2011,"Peach Creek","Chum","CM-02","Lower Fraser Chum",47015,NA,NA,1858,1858,47015,NA,NA,NA
"239",2011,"Post Creek","Chum","CM-02","Lower Fraser Chum",47062,NA,NA,0,0,47062,NA,NA,NA
"240",2011,"Salmon River","Chum","CM-02","Lower Fraser Chum",47970,NA,NA,NA,NA,47970,NA,NA,NA
"241",2011,"Siddall Creek","Chum","CM-02","Lower Fraser Chum",46978,NA,NA,157,157,46978,NA,NA,NA
"242",2011,"Silverdale Creek","Chum","CM-02","Lower Fraser Chum",48012,NA,NA,1009,1009,48012,NA,NA,NA
"243",2011,"Squawkum Creek","Chum","CM-02","Lower Fraser Chum",46037,NA,NA,34064,34064,46037,NA,NA,NA
"244",2011,"Street Creek","Chum","CM-02","Lower Fraser Chum",47000,NA,NA,337,337,47000,NA,NA,NA
"245",2011,"Sweltzer Creek","Chum","CM-02","Lower Fraser Chum",47018,NA,NA,NA,NA,47018,NA,NA,NA
"246",2011,"Wahleach Creek","Chum","CM-02","Lower Fraser Chum",47102,NA,NA,NA,NA,47102,NA,NA,NA
"247",2011,"Whonnock Creek","Chum","CM-02","Lower Fraser Chum",48002,NA,NA,NA,NA,48002,NA,NA,NA
"248",2011,"Widgeon Creek","Chum","CM-02","Lower Fraser Chum",47957,NA,NA,5722,5722,47957,NA,NA,NA
"249",2011,"Worth Creek","Chum","CM-02","Lower Fraser Chum",46969,NA,NA,226,226,46969,NA,NA,NA
"250",2011,"Harrison River","Chum","CM-02","Lower Fraser Chum",46033,NA,NA,633705,633705,46033,NA,NA,NA
"251",2012,"Stave River","Chum","CM-02","Lower Fraser Chum",48008,NA,NA,175000,175000,48008,NA,NA,NA
"252",2012,"Barnes Creek","Chum","CM-02","Lower Fraser Chum",7473,NA,NA,250,250,7473,NA,NA,NA
"253",2012,"Blaney Creek","Chum","CM-02","Lower Fraser Chum",47935,NA,NA,2294,2294,47935,NA,NA,NA
"254",2012,"Chilqua Slough & Creek","Chum","CM-02","Lower Fraser Chum",48025,NA,NA,8,8,48025,NA,NA,NA
"255",2012,"Coghlan Creek","Chum","CM-02","Lower Fraser Chum",47980,NA,NA,NA,NA,47980,NA,NA,NA
"256",2012,"Hicks Creek","Chum","CM-02","Lower Fraser Chum",47098,NA,NA,602,602,47098,NA,NA,NA
"257",2012,"Hopedale Creek","Chum","CM-02","Lower Fraser Chum",44645,NA,NA,976,976,44645,NA,NA,NA
"258",2012,"Kanaka Creek","Chum","CM-02","Lower Fraser Chum",47963,NA,NA,2797,2797,47963,NA,NA,NA
"259",2012,"MacIntyre Creek","Chum","CM-02","Lower Fraser Chum",47950,NA,NA,329,329,47950,NA,NA,NA
"260",2012,"Nathan Creek","Chum","CM-02","Lower Fraser Chum",47992,NA,NA,NA,NA,47992,NA,NA,NA
"261",2012,"Norrish  Suicide  Creek","Chum","CM-02","Lower Fraser Chum",47557,NA,NA,NA,NA,47557,NA,NA,NA
"262",2012,"North Alouette River","Chum","CM-02","Lower Fraser Chum",47928,NA,NA,NA,NA,47928,NA,NA,NA
"263",2012,"Peach Creek","Chum","CM-02","Lower Fraser Chum",47015,NA,NA,1509,1509,47015,NA,NA,NA
"264",2012,"Post Creek","Chum","CM-02","Lower Fraser Chum",47062,NA,NA,NA,NA,47062,NA,NA,NA
"265",2012,"Salmon River","Chum","CM-02","Lower Fraser Chum",47970,NA,NA,NA,NA,47970,NA,NA,NA
"266",2012,"Siddall Creek","Chum","CM-02","Lower Fraser Chum",46978,NA,NA,27,27,46978,NA,NA,NA
"267",2012,"Silverdale Creek","Chum","CM-02","Lower Fraser Chum",48012,NA,NA,1289,1289,48012,NA,NA,NA
"268",2012,"Squawkum Creek","Chum","CM-02","Lower Fraser Chum",46037,NA,NA,20646,20646,46037,NA,NA,NA
"269",2012,"Street Creek","Chum","CM-02","Lower Fraser Chum",47000,NA,NA,196,196,47000,NA,NA,NA
"270",2012,"Sweltzer Creek","Chum","CM-02","Lower Fraser Chum",47018,NA,NA,NA,NA,47018,NA,NA,NA
"271",2012,"Wahleach Creek","Chum","CM-02","Lower Fraser Chum",47102,NA,NA,NA,NA,47102,NA,NA,NA
"272",2012,"Whonnock Creek","Chum","CM-02","Lower Fraser Chum",48002,NA,NA,1170,1170,48002,NA,NA,NA
"273",2012,"Widgeon Creek","Chum","CM-02","Lower Fraser Chum",47957,NA,NA,3016,3016,47957,NA,NA,NA
"274",2012,"Worth Creek","Chum","CM-02","Lower Fraser Chum",46969,NA,NA,153,153,46969,NA,NA,NA
"275",2012,"Harrison River","Chum","CM-02","Lower Fraser Chum",46033,NA,NA,1014900,1014900,46033,NA,NA,NA
"276",2013,"Stave River","Chum","CM-02","Lower Fraser Chum",48008,NA,NA,165000,165000,48008,NA,NA,NA
"277",2013,"Barnes Creek","Chum","CM-02","Lower Fraser Chum",7473,NA,NA,10,10,7473,NA,NA,NA
"278",2013,"Blaney Creek","Chum","CM-02","Lower Fraser Chum",47935,NA,NA,2366,2366,47935,NA,NA,NA
"279",2013,"Chilqua Slough & Creek","Chum","CM-02","Lower Fraser Chum",48025,NA,NA,11,11,48025,NA,NA,NA
"280",2013,"Coghlan Creek","Chum","CM-02","Lower Fraser Chum",47980,NA,NA,NA,NA,47980,NA,NA,NA
"281",2013,"Hicks Creek","Chum","CM-02","Lower Fraser Chum",47098,NA,NA,298,298,47098,NA,NA,NA
"282",2013,"Hopedale Creek","Chum","CM-02","Lower Fraser Chum",44645,NA,NA,1018,1018,44645,NA,NA,NA
"283",2013,"Kanaka Creek","Chum","CM-02","Lower Fraser Chum",47963,NA,NA,3351,3351,47963,NA,NA,NA
"284",2013,"MacIntyre Creek","Chum","CM-02","Lower Fraser Chum",47950,NA,NA,188,188,47950,NA,NA,NA
"285",2013,"Nathan Creek","Chum","CM-02","Lower Fraser Chum",47992,NA,NA,NA,NA,47992,NA,NA,NA
"286",2013,"Norrish  Suicide  Creek","Chum","CM-02","Lower Fraser Chum",47557,NA,NA,NA,NA,47557,NA,NA,NA
"287",2013,"North Alouette River","Chum","CM-02","Lower Fraser Chum",47928,NA,NA,NA,NA,47928,NA,NA,NA
"288",2013,"Peach Creek","Chum","CM-02","Lower Fraser Chum",47015,NA,NA,4124,4124,47015,NA,NA,NA
"289",2013,"Post Creek","Chum","CM-02","Lower Fraser Chum",47062,NA,NA,NA,NA,47062,NA,NA,NA
"290",2013,"Salmon River","Chum","CM-02","Lower Fraser Chum",47970,NA,NA,NA,NA,47970,NA,NA,NA
"291",2013,"Siddall Creek","Chum","CM-02","Lower Fraser Chum",46978,NA,NA,1,1,46978,NA,NA,NA
"292",2013,"Silverdale Creek","Chum","CM-02","Lower Fraser Chum",48012,NA,NA,1431,1431,48012,NA,NA,NA
"293",2013,"Squawkum Creek","Chum","CM-02","Lower Fraser Chum",46037,NA,NA,16946,16946,46037,NA,NA,NA
"294",2013,"Street Creek","Chum","CM-02","Lower Fraser Chum",47000,NA,NA,75,75,47000,NA,NA,NA
"295",2013,"Sweltzer Creek","Chum","CM-02","Lower Fraser Chum",47018,NA,NA,NA,NA,47018,NA,NA,NA
"296",2013,"Wahleach Creek","Chum","CM-02","Lower Fraser Chum",47102,NA,NA,0,0,47102,NA,NA,NA
"297",2013,"Whonnock Creek","Chum","CM-02","Lower Fraser Chum",48002,NA,NA,730,730,48002,NA,NA,NA
"298",2013,"Widgeon Creek","Chum","CM-02","Lower Fraser Chum",47957,NA,NA,310,310,47957,NA,NA,NA
"299",2013,"Worth Creek","Chum","CM-02","Lower Fraser Chum",46969,NA,NA,229,229,46969,NA,NA,NA
"300",2013,"Harrison River","Chum","CM-02","Lower Fraser Chum",46033,NA,NA,631661,631661,46033,NA,NA,NA
"301",2014,"Stave River","Chum","CM-02","Lower Fraser Chum",48008,NA,NA,125000,125000,48008,NA,NA,NA
"302",2014,"Barnes Creek","Chum","CM-02","Lower Fraser Chum",7473,NA,NA,3,3,7473,NA,NA,NA
"303",2014,"Blaney Creek","Chum","CM-02","Lower Fraser Chum",47935,NA,NA,1738,1738,47935,NA,NA,NA
"304",2014,"Chilqua Slough & Creek","Chum","CM-02","Lower Fraser Chum",48025,NA,NA,0,0,48025,NA,NA,NA
"305",2014,"Coghlan Creek","Chum","CM-02","Lower Fraser Chum",47980,NA,NA,NA,NA,47980,NA,NA,NA
"306",2014,"Hicks Creek","Chum","CM-02","Lower Fraser Chum",47098,NA,NA,445,445,47098,NA,NA,NA
"307",2014,"Hopedale Creek","Chum","CM-02","Lower Fraser Chum",44645,NA,NA,1021,1021,44645,NA,NA,NA
"308",2014,"Kanaka Creek","Chum","CM-02","Lower Fraser Chum",47963,NA,NA,1022,1022,47963,NA,NA,NA
"309",2014,"MacIntyre Creek","Chum","CM-02","Lower Fraser Chum",47950,NA,NA,178,178,47950,NA,NA,NA
"310",2014,"Nathan Creek","Chum","CM-02","Lower Fraser Chum",47992,NA,NA,NA,NA,47992,NA,NA,NA
"311",2014,"Norrish  Suicide  Creek","Chum","CM-02","Lower Fraser Chum",47557,NA,NA,NA,NA,47557,NA,NA,NA
"312",2014,"North Alouette River","Chum","CM-02","Lower Fraser Chum",47928,NA,NA,NA,NA,47928,NA,NA,NA
"313",2014,"Peach Creek","Chum","CM-02","Lower Fraser Chum",47015,NA,NA,1837,1837,47015,NA,NA,NA
"314",2014,"Post Creek","Chum","CM-02","Lower Fraser Chum",47062,NA,NA,NA,NA,47062,NA,NA,NA
"315",2014,"Salmon River","Chum","CM-02","Lower Fraser Chum",47970,NA,NA,NA,NA,47970,NA,NA,NA
"316",2014,"Siddall Creek","Chum","CM-02","Lower Fraser Chum",46978,NA,NA,0,0,46978,NA,NA,NA
"317",2014,"Silverdale Creek","Chum","CM-02","Lower Fraser Chum",48012,NA,NA,960,960,48012,NA,NA,NA
"318",2014,"Squawkum Creek","Chum","CM-02","Lower Fraser Chum",46037,NA,NA,19549,19549,46037,NA,NA,NA
"319",2014,"Street Creek","Chum","CM-02","Lower Fraser Chum",47000,NA,NA,170,170,47000,NA,NA,NA
"320",2014,"Sweltzer Creek","Chum","CM-02","Lower Fraser Chum",47018,NA,NA,NA,NA,47018,NA,NA,NA
"321",2014,"Wahleach Creek","Chum","CM-02","Lower Fraser Chum",47102,NA,NA,0,0,47102,NA,NA,NA
"322",2014,"Whonnock Creek","Chum","CM-02","Lower Fraser Chum",48002,NA,NA,188,188,48002,NA,NA,NA
"323",2014,"Widgeon Creek","Chum","CM-02","Lower Fraser Chum",47957,NA,NA,1607,1607,47957,NA,NA,NA
"324",2014,"Worth Creek","Chum","CM-02","Lower Fraser Chum",46969,NA,NA,254,254,46969,NA,NA,NA
"325",2014,"Harrison River","Chum","CM-02","Lower Fraser Chum",46033,NA,NA,852251,852251,46033,NA,NA,NA
"326",2015,"Stave River","Chum","CM-02","Lower Fraser Chum",48008,NA,NA,120000,120000,48008,NA,NA,NA
"327",2015,"Barnes Creek","Chum","CM-02","Lower Fraser Chum",7473,NA,NA,53,53,7473,NA,NA,NA
"328",2015,"Blaney Creek","Chum","CM-02","Lower Fraser Chum",47935,NA,NA,1768,1768,47935,NA,NA,NA
"329",2015,"Chilqua Slough & Creek","Chum","CM-02","Lower Fraser Chum",48025,NA,NA,311,311,48025,NA,NA,NA
"330",2015,"Coghlan Creek","Chum","CM-02","Lower Fraser Chum",47980,NA,NA,NA,NA,47980,NA,NA,NA
"331",2015,"Hicks Creek","Chum","CM-02","Lower Fraser Chum",47098,NA,NA,168,168,47098,NA,NA,NA
"332",2015,"Hopedale Creek","Chum","CM-02","Lower Fraser Chum",44645,NA,NA,825,825,44645,NA,NA,NA
"333",2015,"Kanaka Creek","Chum","CM-02","Lower Fraser Chum",47963,NA,NA,1586,1586,47963,NA,NA,NA
"334",2015,"MacIntyre Creek","Chum","CM-02","Lower Fraser Chum",47950,NA,NA,696,696,47950,NA,NA,NA
"335",2015,"Nathan Creek","Chum","CM-02","Lower Fraser Chum",47992,NA,NA,NA,NA,47992,NA,NA,NA
"336",2015,"Norrish  Suicide  Creek","Chum","CM-02","Lower Fraser Chum",47557,NA,NA,NA,NA,47557,NA,NA,NA
"337",2015,"North Alouette River","Chum","CM-02","Lower Fraser Chum",47928,NA,NA,NA,NA,47928,NA,NA,NA
"338",2015,"Peach Creek","Chum","CM-02","Lower Fraser Chum",47015,NA,NA,775,775,47015,NA,NA,NA
"339",2015,"Post Creek","Chum","CM-02","Lower Fraser Chum",47062,NA,NA,NA,NA,47062,NA,NA,NA
"340",2015,"Salmon River","Chum","CM-02","Lower Fraser Chum",47970,NA,NA,NA,NA,47970,NA,NA,NA
"341",2015,"Siddall Creek","Chum","CM-02","Lower Fraser Chum",46978,NA,NA,29,29,46978,NA,NA,NA
"342",2015,"Silverdale Creek","Chum","CM-02","Lower Fraser Chum",48012,NA,NA,653,653,48012,NA,NA,NA
"343",2015,"Squawkum Creek","Chum","CM-02","Lower Fraser Chum",46037,NA,NA,8336,8336,46037,NA,NA,NA
"344",2015,"Street Creek","Chum","CM-02","Lower Fraser Chum",47000,NA,NA,604,604,47000,NA,NA,NA
"345",2015,"Sweltzer Creek","Chum","CM-02","Lower Fraser Chum",47018,NA,NA,NA,NA,47018,NA,NA,NA
"346",2015,"Wahleach Creek","Chum","CM-02","Lower Fraser Chum",47102,NA,NA,0,0,47102,NA,NA,NA
"347",2015,"Whonnock Creek","Chum","CM-02","Lower Fraser Chum",48002,NA,NA,415,415,48002,NA,NA,NA
"348",2015,"Widgeon Creek","Chum","CM-02","Lower Fraser Chum",47957,NA,NA,968,968,47957,NA,NA,NA
"349",2015,"Worth Creek","Chum","CM-02","Lower Fraser Chum",46969,NA,NA,655,655,46969,NA,NA,NA
"350",2015,"Harrison River","Chum","CM-02","Lower Fraser Chum",46033,NA,NA,663688,663688,46033,NA,NA,NA
"351",2016,"Stave River","Chum","CM-02","Lower Fraser Chum",48008,NA,NA,305000,305000,48008,NA,NA,NA
"352",2016,"Barnes Creek","Chum","CM-02","Lower Fraser Chum",7473,NA,NA,276,276,7473,NA,NA,NA
"353",2016,"Blaney Creek","Chum","CM-02","Lower Fraser Chum",47935,NA,NA,4607,4607,47935,NA,NA,NA
"354",2016,"Chilqua Slough & Creek","Chum","CM-02","Lower Fraser Chum",48025,NA,NA,2051,2051,48025,NA,NA,NA
"355",2016,"Coghlan Creek","Chum","CM-02","Lower Fraser Chum",47980,NA,NA,NA,NA,47980,NA,NA,NA
"356",2016,"Hicks Creek","Chum","CM-02","Lower Fraser Chum",47098,NA,NA,459,459,47098,NA,NA,NA
"357",2016,"Hopedale Creek","Chum","CM-02","Lower Fraser Chum",44645,NA,NA,1603,1603,44645,NA,NA,NA
"358",2016,"Kanaka Creek","Chum","CM-02","Lower Fraser Chum",47963,NA,NA,5549,5549,47963,NA,NA,NA
"359",2016,"MacIntyre Creek","Chum","CM-02","Lower Fraser Chum",47950,NA,NA,1688,1688,47950,NA,NA,NA
"360",2016,"Nathan Creek","Chum","CM-02","Lower Fraser Chum",47992,NA,NA,NA,NA,47992,NA,NA,NA
"361",2016,"Norrish  Suicide  Creek","Chum","CM-02","Lower Fraser Chum",47557,NA,NA,NA,NA,47557,NA,NA,NA
"362",2016,"North Alouette River","Chum","CM-02","Lower Fraser Chum",47928,NA,NA,NA,NA,47928,NA,NA,NA
"363",2016,"Peach Creek","Chum","CM-02","Lower Fraser Chum",47015,NA,NA,2046,2046,47015,NA,NA,NA
"364",2016,"Post Creek","Chum","CM-02","Lower Fraser Chum",47062,NA,NA,NA,NA,47062,NA,NA,NA
"365",2016,"Salmon River","Chum","CM-02","Lower Fraser Chum",47970,NA,NA,NA,NA,47970,NA,NA,NA
"366",2016,"Siddall Creek","Chum","CM-02","Lower Fraser Chum",46978,NA,NA,10,10,46978,NA,NA,NA
"367",2016,"Silverdale Creek","Chum","CM-02","Lower Fraser Chum",48012,NA,NA,2981,2981,48012,NA,NA,NA
"368",2016,"Squawkum Creek","Chum","CM-02","Lower Fraser Chum",46037,NA,NA,27288,27288,46037,NA,NA,NA
"369",2016,"Street Creek","Chum","CM-02","Lower Fraser Chum",47000,NA,NA,454,454,47000,NA,NA,NA
"370",2016,"Sweltzer Creek","Chum","CM-02","Lower Fraser Chum",47018,NA,NA,NA,NA,47018,NA,NA,NA
"371",2016,"Wahleach Creek","Chum","CM-02","Lower Fraser Chum",47102,NA,NA,0,0,47102,NA,NA,NA
"372",2016,"Whonnock Creek","Chum","CM-02","Lower Fraser Chum",48002,NA,NA,267,267,48002,NA,NA,NA
"373",2016,"Widgeon Creek","Chum","CM-02","Lower Fraser Chum",47957,NA,NA,5128,5128,47957,NA,NA,NA
"374",2016,"Worth Creek","Chum","CM-02","Lower Fraser Chum",46969,NA,NA,3591,3591,46969,NA,NA,NA
"375",2016,"Harrison River","Chum","CM-02","Lower Fraser Chum",46033,NA,NA,1382671,1382671,46033,NA,NA,NA
"376",2017,"Stave River","Chum","CM-02","Lower Fraser Chum",48008,NA,NA,125000,125000,48008,NA,NA,NA
"377",2017,"Barnes Creek","Chum","CM-02","Lower Fraser Chum",7473,NA,NA,11,11,7473,NA,NA,NA
"378",2017,"Blaney Creek","Chum","CM-02","Lower Fraser Chum",47935,NA,NA,1157,1157,47935,NA,NA,NA
"379",2017,"Chilqua Slough & Creek","Chum","CM-02","Lower Fraser Chum",48025,NA,NA,1488,1488,48025,NA,NA,NA
"380",2017,"Coghlan Creek","Chum","CM-02","Lower Fraser Chum",47980,NA,NA,NA,NA,47980,NA,NA,NA
"381",2017,"Hicks Creek","Chum","CM-02","Lower Fraser Chum",47098,NA,NA,208,208,47098,NA,NA,NA
"382",2017,"Hopedale Creek","Chum","CM-02","Lower Fraser Chum",44645,NA,NA,520,520,44645,NA,NA,NA
"383",2017,"Kanaka Creek","Chum","CM-02","Lower Fraser Chum",47963,NA,NA,2071,2071,47963,NA,NA,NA
"384",2017,"MacIntyre Creek","Chum","CM-02","Lower Fraser Chum",47950,NA,NA,178,178,47950,NA,NA,NA
"385",2017,"Nathan Creek","Chum","CM-02","Lower Fraser Chum",47992,NA,NA,NA,NA,47992,NA,NA,NA
"386",2017,"Norrish  Suicide  Creek","Chum","CM-02","Lower Fraser Chum",47557,NA,NA,NA,NA,47557,NA,NA,NA
"387",2017,"North Alouette River","Chum","CM-02","Lower Fraser Chum",47928,NA,NA,NA,NA,47928,NA,NA,NA
"388",2017,"Peach Creek","Chum","CM-02","Lower Fraser Chum",47015,NA,NA,2603,2603,47015,NA,NA,NA
"389",2017,"Post Creek","Chum","CM-02","Lower Fraser Chum",47062,NA,NA,NA,NA,47062,NA,NA,NA
"390",2017,"Salmon River","Chum","CM-02","Lower Fraser Chum",47970,NA,NA,NA,NA,47970,NA,NA,NA
"391",2017,"Siddall Creek","Chum","CM-02","Lower Fraser Chum",46978,NA,NA,1,1,46978,NA,NA,NA
"392",2017,"Silverdale Creek","Chum","CM-02","Lower Fraser Chum",48012,NA,NA,1366,1366,48012,NA,NA,NA
"393",2017,"Squawkum Creek","Chum","CM-02","Lower Fraser Chum",46037,NA,NA,6944,6944,46037,NA,NA,NA
"394",2017,"Street Creek","Chum","CM-02","Lower Fraser Chum",47000,NA,NA,407,407,47000,NA,NA,NA
"395",2017,"Sweltzer Creek","Chum","CM-02","Lower Fraser Chum",47018,NA,NA,NA,NA,47018,NA,NA,NA
"396",2017,"Wahleach Creek","Chum","CM-02","Lower Fraser Chum",47102,NA,NA,0,0,47102,NA,NA,NA
"397",2017,"Whonnock Creek","Chum","CM-02","Lower Fraser Chum",48002,NA,NA,613,613,48002,NA,NA,NA
"398",2017,"Widgeon Creek","Chum","CM-02","Lower Fraser Chum",47957,NA,NA,1214,1214,47957,NA,NA,NA
"399",2017,"Worth Creek","Chum","CM-02","Lower Fraser Chum",46969,NA,NA,251,251,46969,NA,NA,NA
"400",2017,"Harrison River","Chum","CM-02","Lower Fraser Chum",46033,NA,NA,446478,446478,46033,NA,NA,NA
"401",2018,"Stave River","Chum","CM-02","Lower Fraser Chum",48008,NA,NA,69000,69000,48008,NA,NA,NA
"402",2018,"Barnes Creek","Chum","CM-02","Lower Fraser Chum",7473,NA,NA,0,0,7473,NA,NA,NA
"403",2018,"Blaney Creek","Chum","CM-02","Lower Fraser Chum",47935,NA,NA,0,0,47935,NA,NA,NA
"404",2018,"Chilqua Slough & Creek","Chum","CM-02","Lower Fraser Chum",48025,NA,NA,0,0,48025,NA,NA,NA
"405",2018,"Coghlan Creek","Chum","CM-02","Lower Fraser Chum",47980,NA,NA,NA,NA,47980,NA,NA,NA
"406",2018,"Hicks Creek","Chum","CM-02","Lower Fraser Chum",47098,NA,NA,0,0,47098,NA,NA,NA
"407",2018,"Hopedale Creek","Chum","CM-02","Lower Fraser Chum",44645,NA,NA,0,0,44645,NA,NA,NA
"408",2018,"Kanaka Creek","Chum","CM-02","Lower Fraser Chum",47963,NA,NA,0,0,47963,NA,NA,NA
"409",2018,"MacIntyre Creek","Chum","CM-02","Lower Fraser Chum",47950,NA,NA,0,0,47950,NA,NA,NA
"410",2018,"Nathan Creek","Chum","CM-02","Lower Fraser Chum",47992,NA,NA,NA,NA,47992,NA,NA,NA
"411",2018,"Norrish  Suicide  Creek","Chum","CM-02","Lower Fraser Chum",47557,NA,NA,NA,NA,47557,NA,NA,NA
"412",2018,"North Alouette River","Chum","CM-02","Lower Fraser Chum",47928,NA,NA,NA,NA,47928,NA,NA,NA
"413",2018,"Peach Creek","Chum","CM-02","Lower Fraser Chum",47015,NA,NA,0,0,47015,NA,NA,NA
"414",2018,"Post Creek","Chum","CM-02","Lower Fraser Chum",47062,NA,NA,NA,NA,47062,NA,NA,NA
"415",2018,"Salmon River","Chum","CM-02","Lower Fraser Chum",47970,NA,NA,NA,NA,47970,NA,NA,NA
"416",2018,"Siddall Creek","Chum","CM-02","Lower Fraser Chum",46978,NA,NA,0,0,46978,NA,NA,NA
"417",2018,"Silverdale Creek","Chum","CM-02","Lower Fraser Chum",48012,NA,NA,0,0,48012,NA,NA,NA
"418",2018,"Squawkum Creek","Chum","CM-02","Lower Fraser Chum",46037,NA,NA,6261,6261,46037,NA,NA,NA
"419",2018,"Street Creek","Chum","CM-02","Lower Fraser Chum",47000,NA,NA,0,0,47000,NA,NA,NA
"420",2018,"Sweltzer Creek","Chum","CM-02","Lower Fraser Chum",47018,NA,NA,NA,NA,47018,NA,NA,NA
"421",2018,"Wahleach Creek","Chum","CM-02","Lower Fraser Chum",47102,NA,NA,0,0,47102,NA,NA,NA
"422",2018,"Whonnock Creek","Chum","CM-02","Lower Fraser Chum",48002,NA,NA,0,0,48002,NA,NA,NA
"423",2018,"Widgeon Creek","Chum","CM-02","Lower Fraser Chum",47957,NA,NA,0,0,47957,NA,NA,NA
"424",2018,"Worth Creek","Chum","CM-02","Lower Fraser Chum",46969,NA,NA,0,0,46969,NA,NA,NA
"425",2018,"Harrison River","Chum","CM-02","Lower Fraser Chum",46033,NA,NA,561902,561902,46033,NA,NA,NA
"426",2019,"Stave River","Chum","CM-02","Lower Fraser Chum",48008,NA,NA,80000,80000,48008,NA,NA,NA
"427",2019,"Barnes Creek","Chum","CM-02","Lower Fraser Chum",7473,NA,NA,13,13,7473,NA,NA,NA
"428",2019,"Blaney Creek","Chum","CM-02","Lower Fraser Chum",47935,NA,NA,692,692,47935,NA,NA,NA
"429",2019,"Chilqua Slough & Creek","Chum","CM-02","Lower Fraser Chum",48025,NA,NA,166,166,48025,NA,NA,NA
"430",2019,"Coghlan Creek","Chum","CM-02","Lower Fraser Chum",47980,NA,NA,NA,NA,47980,NA,NA,NA
"431",2019,"Hicks Creek","Chum","CM-02","Lower Fraser Chum",47098,NA,NA,33,33,47098,NA,NA,NA
"432",2019,"Hopedale Creek","Chum","CM-02","Lower Fraser Chum",44645,NA,NA,259,259,44645,NA,NA,NA
"433",2019,"Kanaka Creek","Chum","CM-02","Lower Fraser Chum",47963,NA,NA,1070,1070,47963,NA,NA,NA
"434",2019,"MacIntyre Creek","Chum","CM-02","Lower Fraser Chum",47950,NA,NA,62,62,47950,NA,NA,NA
"435",2019,"Nathan Creek","Chum","CM-02","Lower Fraser Chum",47992,NA,NA,NA,NA,47992,NA,NA,NA
"436",2019,"Norrish  Suicide  Creek","Chum","CM-02","Lower Fraser Chum",47557,NA,NA,NA,NA,47557,NA,NA,NA
"437",2019,"North Alouette River","Chum","CM-02","Lower Fraser Chum",47928,NA,NA,NA,NA,47928,NA,NA,NA
"438",2019,"Peach Creek","Chum","CM-02","Lower Fraser Chum",47015,NA,NA,2327,2327,47015,NA,NA,NA
"439",2019,"Post Creek","Chum","CM-02","Lower Fraser Chum",47062,NA,NA,NA,NA,47062,NA,NA,NA
"440",2019,"Salmon River","Chum","CM-02","Lower Fraser Chum",47970,NA,NA,NA,NA,47970,NA,NA,NA
"441",2019,"Siddall Creek","Chum","CM-02","Lower Fraser Chum",46978,NA,NA,0,0,46978,NA,NA,NA
"442",2019,"Silverdale Creek","Chum","CM-02","Lower Fraser Chum",48012,NA,NA,610,610,48012,NA,NA,NA
"443",2019,"Squawkum Creek","Chum","CM-02","Lower Fraser Chum",46037,NA,NA,8387,8387,46037,NA,NA,NA
"444",2019,"Street Creek","Chum","CM-02","Lower Fraser Chum",47000,NA,NA,157,157,47000,NA,NA,NA
"445",2019,"Sweltzer Creek","Chum","CM-02","Lower Fraser Chum",47018,NA,NA,NA,NA,47018,NA,NA,NA
"446",2019,"Wahleach Creek","Chum","CM-02","Lower Fraser Chum",47102,NA,NA,0,0,47102,NA,NA,NA
"447",2019,"Whonnock Creek","Chum","CM-02","Lower Fraser Chum",48002,NA,NA,393,393,48002,NA,NA,NA
"448",2019,"Widgeon Creek","Chum","CM-02","Lower Fraser Chum",47957,NA,NA,128,128,47957,NA,NA,NA
"449",2019,"Worth Creek","Chum","CM-02","Lower Fraser Chum",46969,NA,NA,43,43,46969,NA,NA,NA
"450",2019,"Harrison River","Chum","CM-02","Lower Fraser Chum",46033,NA,NA,175835,175835,46033,NA,NA,NA
"451",2020,"Stave River","Chum","CM-02","Lower Fraser Chum",48008,NA,NA,160000,160000,48008,NA,NA,NA
"452",2020,"Barnes Creek","Chum","CM-02","Lower Fraser Chum",7473,NA,NA,21,21,7473,NA,NA,NA
"453",2020,"Blaney Creek","Chum","CM-02","Lower Fraser Chum",47935,NA,NA,2757,2757,47935,NA,NA,NA
"454",2020,"Chilqua Slough & Creek","Chum","CM-02","Lower Fraser Chum",48025,NA,NA,741,741,48025,NA,NA,NA
"455",2020,"Coghlan Creek","Chum","CM-02","Lower Fraser Chum",47980,NA,NA,NA,NA,47980,NA,NA,NA
"456",2020,"Hicks Creek","Chum","CM-02","Lower Fraser Chum",47098,NA,NA,302,302,47098,NA,NA,NA
"457",2020,"Hopedale Creek","Chum","CM-02","Lower Fraser Chum",44645,NA,NA,1085,1085,44645,NA,NA,NA
"458",2020,"Kanaka Creek","Chum","CM-02","Lower Fraser Chum",47963,NA,NA,9548,9548,47963,NA,NA,NA
"459",2020,"MacIntyre Creek","Chum","CM-02","Lower Fraser Chum",47950,NA,NA,370,370,47950,NA,NA,NA
"460",2020,"Nathan Creek","Chum","CM-02","Lower Fraser Chum",47992,NA,NA,NA,NA,47992,NA,NA,NA
"461",2020,"Norrish  Suicide  Creek","Chum","CM-02","Lower Fraser Chum",47557,NA,NA,NA,NA,47557,NA,NA,NA
"462",2020,"North Alouette River","Chum","CM-02","Lower Fraser Chum",47928,NA,NA,NA,NA,47928,NA,NA,NA
"463",2020,"Peach Creek","Chum","CM-02","Lower Fraser Chum",47015,NA,NA,2016,2016,47015,NA,NA,NA
"464",2020,"Post Creek","Chum","CM-02","Lower Fraser Chum",47062,NA,NA,NA,NA,47062,NA,NA,NA
"465",2020,"Salmon River","Chum","CM-02","Lower Fraser Chum",47970,NA,NA,NA,NA,47970,NA,NA,NA
"466",2020,"Siddall Creek","Chum","CM-02","Lower Fraser Chum",46978,NA,NA,974,974,46978,NA,NA,NA
"467",2020,"Silverdale Creek","Chum","CM-02","Lower Fraser Chum",48012,NA,NA,3943,3943,48012,NA,NA,NA
"468",2020,"Squawkum Creek","Chum","CM-02","Lower Fraser Chum",46037,NA,NA,14277,14277,46037,NA,NA,NA
"469",2020,"Street Creek","Chum","CM-02","Lower Fraser Chum",47000,NA,NA,282,282,47000,NA,NA,NA
"470",2020,"Sweltzer Creek","Chum","CM-02","Lower Fraser Chum",47018,NA,NA,NA,NA,47018,NA,NA,NA
"471",2020,"Wahleach Creek","Chum","CM-02","Lower Fraser Chum",47102,NA,NA,NA,NA,47102,NA,NA,NA
"472",2020,"Whonnock Creek","Chum","CM-02","Lower Fraser Chum",48002,NA,NA,1337,1337,48002,NA,NA,NA
"473",2020,"Widgeon Creek","Chum","CM-02","Lower Fraser Chum",47957,NA,NA,657,657,47957,NA,NA,NA
"474",2020,"Worth Creek","Chum","CM-02","Lower Fraser Chum",46969,NA,NA,57,57,46969,NA,NA,NA
"475",2020,"Harrison River","Chum","CM-02","Lower Fraser Chum",46033,NA,NA,331303,331303,46033,NA,NA,NA
"476",2021,"Stave River","Chum","CM-02","Lower Fraser Chum",48008,NA,NA,62000,62000,48008,NA,NA,NA
"477",2021,"Barnes Creek","Chum","CM-02","Lower Fraser Chum",7473,NA,NA,9,9,7473,NA,NA,NA
"478",2021,"Blaney Creek","Chum","CM-02","Lower Fraser Chum",47935,NA,NA,1812,1812,47935,NA,NA,NA
"479",2021,"Chilqua Slough & Creek","Chum","CM-02","Lower Fraser Chum",48025,NA,NA,446,446,48025,NA,NA,NA
"480",2021,"Coghlan Creek","Chum","CM-02","Lower Fraser Chum",47980,NA,NA,NA,NA,47980,NA,NA,NA
"481",2021,"Hicks Creek","Chum","CM-02","Lower Fraser Chum",47098,NA,NA,107,107,47098,NA,NA,NA
"482",2021,"Hopedale Creek","Chum","CM-02","Lower Fraser Chum",44645,NA,NA,1016,1016,44645,NA,NA,NA
"483",2021,"Kanaka Creek","Chum","CM-02","Lower Fraser Chum",47963,NA,NA,1309,1309,47963,NA,NA,NA
"484",2021,"MacIntyre Creek","Chum","CM-02","Lower Fraser Chum",47950,NA,NA,120,120,47950,NA,NA,NA
"485",2021,"Nathan Creek","Chum","CM-02","Lower Fraser Chum",47992,NA,NA,NA,NA,47992,NA,NA,NA
"486",2021,"Norrish  Suicide  Creek","Chum","CM-02","Lower Fraser Chum",47557,NA,NA,NA,NA,47557,NA,NA,NA
"487",2021,"North Alouette River","Chum","CM-02","Lower Fraser Chum",47928,NA,NA,NA,NA,47928,NA,NA,NA
"488",2021,"Peach Creek","Chum","CM-02","Lower Fraser Chum",47015,NA,NA,2546,2546,47015,NA,NA,NA
"489",2021,"Post Creek","Chum","CM-02","Lower Fraser Chum",47062,NA,NA,NA,NA,47062,NA,NA,NA
"490",2021,"Salmon River","Chum","CM-02","Lower Fraser Chum",47970,NA,NA,NA,NA,47970,NA,NA,NA
"491",2021,"Siddall Creek","Chum","CM-02","Lower Fraser Chum",46978,NA,NA,3886,3886,46978,NA,NA,NA
"492",2021,"Silverdale Creek","Chum","CM-02","Lower Fraser Chum",48012,NA,NA,534,534,48012,NA,NA,NA
"493",2021,"Squawkum Creek","Chum","CM-02","Lower Fraser Chum",46037,NA,NA,15101,15101,46037,NA,NA,NA
"494",2021,"Street Creek","Chum","CM-02","Lower Fraser Chum",47000,NA,NA,330,330,47000,NA,NA,NA
"495",2021,"Sweltzer Creek","Chum","CM-02","Lower Fraser Chum",47018,NA,NA,NA,NA,47018,NA,NA,NA
"496",2021,"Wahleach Creek","Chum","CM-02","Lower Fraser Chum",47102,NA,NA,NA,NA,47102,NA,NA,NA
"497",2021,"Whonnock Creek","Chum","CM-02","Lower Fraser Chum",48002,NA,NA,457,457,48002,NA,NA,NA
"498",2021,"Widgeon Creek","Chum","CM-02","Lower Fraser Chum",47957,NA,NA,812,812,47957,NA,NA,NA
"499",2021,"Worth Creek","Chum","CM-02","Lower Fraser Chum",46969,NA,NA,155,155,46969,NA,NA,NA
"500",2021,"Harrison River","Chum","CM-02","Lower Fraser Chum",46033,NA,NA,404489,404489,46033,NA,NA,NA
"501",2022,"Stave River","Chum","CM-02","Lower Fraser Chum",48008,NA,NA,NA,NA,48008,NA,NA,NA
"502",2022,"Barnes Creek","Chum","CM-02","Lower Fraser Chum",7473,NA,NA,13,13,7473,NA,NA,NA
"503",2022,"Blaney Creek","Chum","CM-02","Lower Fraser Chum",47935,NA,NA,2203,2203,47935,NA,NA,NA
"504",2022,"Chilqua Slough & Creek","Chum","CM-02","Lower Fraser Chum",48025,NA,NA,18,18,48025,NA,NA,NA
"505",2022,"Coghlan Creek","Chum","CM-02","Lower Fraser Chum",47980,NA,NA,NA,NA,47980,NA,NA,NA
"506",2022,"Hicks Creek","Chum","CM-02","Lower Fraser Chum",47098,NA,NA,16,16,47098,NA,NA,NA
"507",2022,"Hopedale Creek","Chum","CM-02","Lower Fraser Chum",44645,NA,NA,1709,1709,44645,NA,NA,NA
"508",2022,"Kanaka Creek","Chum","CM-02","Lower Fraser Chum",47963,NA,NA,2476,2476,47963,NA,NA,NA
"509",2022,"MacIntyre Creek","Chum","CM-02","Lower Fraser Chum",47950,NA,NA,188,188,47950,NA,NA,NA
"510",2022,"Nathan Creek","Chum","CM-02","Lower Fraser Chum",47992,NA,NA,NA,NA,47992,NA,NA,NA
"511",2022,"Norrish  Suicide  Creek","Chum","CM-02","Lower Fraser Chum",47557,NA,NA,NA,NA,47557,NA,NA,NA
"512",2022,"North Alouette River","Chum","CM-02","Lower Fraser Chum",47928,NA,NA,NA,NA,47928,NA,NA,NA
"513",2022,"Peach Creek","Chum","CM-02","Lower Fraser Chum",47015,NA,NA,2361,2361,47015,NA,NA,NA
"514",2022,"Post Creek","Chum","CM-02","Lower Fraser Chum",47062,NA,NA,NA,NA,47062,NA,NA,NA
"515",2022,"Salmon River","Chum","CM-02","Lower Fraser Chum",47970,NA,NA,NA,NA,47970,NA,NA,NA
"516",2022,"Siddall Creek","Chum","CM-02","Lower Fraser Chum",46978,NA,NA,2692,2692,46978,NA,NA,NA
"517",2022,"Silverdale Creek","Chum","CM-02","Lower Fraser Chum",48012,NA,NA,630,630,48012,NA,NA,NA
"518",2022,"Squawkum Creek","Chum","CM-02","Lower Fraser Chum",46037,NA,NA,5744,5744,46037,NA,NA,NA
"519",2022,"Street Creek","Chum","CM-02","Lower Fraser Chum",47000,NA,NA,547,547,47000,NA,NA,NA
"520",2022,"Sweltzer Creek","Chum","CM-02","Lower Fraser Chum",47018,NA,NA,NA,NA,47018,NA,NA,NA
"521",2022,"Wahleach Creek","Chum","CM-02","Lower Fraser Chum",47102,NA,NA,NA,NA,47102,NA,NA,NA
"522",2022,"Whonnock Creek","Chum","CM-02","Lower Fraser Chum",48002,NA,NA,610,610,48002,NA,NA,NA
"523",2022,"Widgeon Creek","Chum","CM-02","Lower Fraser Chum",47957,NA,NA,332,332,47957,NA,NA,NA
"524",2022,"Worth Creek","Chum","CM-02","Lower Fraser Chum",46969,NA,NA,68,68,46969,NA,NA,NA
"525",2022,"Harrison River","Chum","CM-02","Lower Fraser Chum",46033,NA,NA,NA,NA,46033,NA,NA,NA
